-- =====================================================
-- 더미 데이터 v4
-- 기준일: 2026-06-05 / seed=20260605
-- pw=12341234 / key=12341234
--
-- 변경사항 (v2 → v4):
--   - 테이블명 스키마 prefix 제거
--   - 카페명: 서울이스케이프룸 / 비밀의화원 / 지구별 / 오아시스
--   - 룸명: v2 기준 (접견, 오시리스, 비밀의가족, 파리82, 안녕, 잉카, 퀘스트:여정의시작,
--           멸종위기종탐사대, 업사이드다운, 배드타임, 미씽삭스미스터리, 4SUM1)
--   - 이메일 도메인: test.com / noexit.com / gmail.com 혼합
--   - 날짜 정합성 v3 기준 완전 적용
--   - 모든 PK NEXTVAL 통일
--
-- [날짜 흐름]
-- 유저 가입:         2026-01-03 ~ 2026-02-28
-- 카페/룸 등록:      2026-02-12 ~ 2026-03-26 (카페 등록 후 룸 등록)
-- 매니저 등록:       카페 등록 다음날 이후
-- RES_OPEN:
--   CREATED_AT      룸 등록 이후 ~ 2026-06-05
--   OPEN_AT(과거)   2026-03-15 ~ 2026-06-04
--   OPEN_AT(미래)   2026-06-14 ~ 2026-09-20
--   OPEN_AT > CREATED_AT 전수 보장
-- PARTY(1~8):       과거 완료분, OPEN_AT 3일 이상 전 생성
-- PARTY(9~13):      미래 오픈 연결, 진행 중
-- PARTY(14~16):     PARTY_ROOM 없는 모집 중
-- PARTY_APPLY:      PARTY 생성 당일 ~ +3일
-- PARTY_MEMBER:     APPLY 당일 ~ +1일
-- PARTY_ROOM:       PARTY 생성 후 ~ OPEN_AT 전
-- RESERVATION:      PARTY_ROOM 이후 ~ OPEN_AT 전
-- ATTENDANCE:       OPEN_AT 이후 (과거 완료분만)
-- RECORD/REVIEW:    ATTENDANCE 당일
-- MUTUAL_EVAL:      ATTENDANCE 당일
-- MANNER_HISTORY:   해당 이벤트 직후
-- =====================================================
SET DEFINE OFF;

-- =====================================================
-- MANNER_REASON
-- =====================================================
Insert into MANNER_REASON (REASON_ID, REASON_NAME) values (4, '리뷰작성');




-- =====================================================
-- USER_ACCOUNT (20명, 가입일 오름차순)
-- =====================================================
Insert into USER_ACCOUNT (USER_ID, LOGIN_ID, PASSWORD, NICKNAME, CREATED_AT)
  values (USER_ACCOUNT_SEQ.NEXTVAL, 'user0007', CRYPTPACK.ENCRYPT('12341234','12341234'), '엉뚱한유령',   TO_DATE('2026-01-03 09:58:27','YYYY-MM-DD HH24:MI:SS'));
Insert into USER_ACCOUNT (USER_ID, LOGIN_ID, PASSWORD, NICKNAME, CREATED_AT)
  values (USER_ACCOUNT_SEQ.NEXTVAL, 'user0009', CRYPTPACK.ENCRYPT('12341234','12341234'), '행복한러너',   TO_DATE('2026-01-04 16:39:31','YYYY-MM-DD HH24:MI:SS'));
Insert into USER_ACCOUNT (USER_ID, LOGIN_ID, PASSWORD, NICKNAME, CREATED_AT)
  values (USER_ACCOUNT_SEQ.NEXTVAL, 'user0019', CRYPTPACK.ENCRYPT('12341234','12341234'), '행복한목격자', TO_DATE('2026-01-05 12:56:51','YYYY-MM-DD HH24:MI:SS'));
Insert into USER_ACCOUNT (USER_ID, LOGIN_ID, PASSWORD, NICKNAME, CREATED_AT)
  values (USER_ACCOUNT_SEQ.NEXTVAL, 'user0014', CRYPTPACK.ENCRYPT('12341234','12341234'), '유쾌한유령',   TO_DATE('2026-01-12 14:45:06','YYYY-MM-DD HH24:MI:SS'));
Insert into USER_ACCOUNT (USER_ID, LOGIN_ID, PASSWORD, NICKNAME, CREATED_AT)
  values (USER_ACCOUNT_SEQ.NEXTVAL, 'user0017', CRYPTPACK.ENCRYPT('12341234','12341234'), '따뜻한열쇠',   TO_DATE('2026-01-30 02:22:03','YYYY-MM-DD HH24:MI:SS'));
Insert into USER_ACCOUNT (USER_ID, LOGIN_ID, PASSWORD, NICKNAME, CREATED_AT)
  values (USER_ACCOUNT_SEQ.NEXTVAL, 'user0010', CRYPTPACK.ENCRYPT('12341234','12341234'), '유쾌한도망자', TO_DATE('2026-01-30 03:02:11','YYYY-MM-DD HH24:MI:SS'));
Insert into USER_ACCOUNT (USER_ID, LOGIN_ID, PASSWORD, NICKNAME, CREATED_AT)
  values (USER_ACCOUNT_SEQ.NEXTVAL, 'user0020', CRYPTPACK.ENCRYPT('12341234','12341234'), '유쾌한목격자', TO_DATE('2026-01-27 05:52:01','YYYY-MM-DD HH24:MI:SS'));
Insert into USER_ACCOUNT (USER_ID, LOGIN_ID, PASSWORD, NICKNAME, CREATED_AT)
  values (USER_ACCOUNT_SEQ.NEXTVAL, 'user0002', CRYPTPACK.ENCRYPT('12341234','12341234'), '조용한마법사', TO_DATE('2026-01-26 22:27:44','YYYY-MM-DD HH24:MI:SS'));
Insert into USER_ACCOUNT (USER_ID, LOGIN_ID, PASSWORD, NICKNAME, CREATED_AT)
  values (USER_ACCOUNT_SEQ.NEXTVAL, 'user0003', CRYPTPACK.ENCRYPT('12341234','12341234'), '용감한해결사', TO_DATE('2026-02-03 08:27:50','YYYY-MM-DD HH24:MI:SS'));
Insert into USER_ACCOUNT (USER_ID, LOGIN_ID, PASSWORD, NICKNAME, CREATED_AT)
  values (USER_ACCOUNT_SEQ.NEXTVAL, 'user0004', CRYPTPACK.ENCRYPT('12341234','12341234'), '빠른탐정',     TO_DATE('2026-02-04 01:34:51','YYYY-MM-DD HH24:MI:SS'));
Insert into USER_ACCOUNT (USER_ID, LOGIN_ID, PASSWORD, NICKNAME, CREATED_AT)
  values (USER_ACCOUNT_SEQ.NEXTVAL, 'user0006', CRYPTPACK.ENCRYPT('12341234','12341234'), '빠른마법사',   TO_DATE('2026-02-09 02:16:50','YYYY-MM-DD HH24:MI:SS'));
Insert into USER_ACCOUNT (USER_ID, LOGIN_ID, PASSWORD, NICKNAME, CREATED_AT)
  values (USER_ACCOUNT_SEQ.NEXTVAL, 'user0018', CRYPTPACK.ENCRYPT('12341234','12341234'), '날카로운러너', TO_DATE('2026-02-12 23:51:20','YYYY-MM-DD HH24:MI:SS'));
Insert into USER_ACCOUNT (USER_ID, LOGIN_ID, PASSWORD, NICKNAME, CREATED_AT)
  values (USER_ACCOUNT_SEQ.NEXTVAL, 'user0012', CRYPTPACK.ENCRYPT('12341234','12341234'), '행복한탐정',   TO_DATE('2026-02-15 04:45:55','YYYY-MM-DD HH24:MI:SS'));
Insert into USER_ACCOUNT (USER_ID, LOGIN_ID, PASSWORD, NICKNAME, CREATED_AT)
  values (USER_ACCOUNT_SEQ.NEXTVAL, 'user0016', CRYPTPACK.ENCRYPT('12341234','12341234'), '진지한목격자', TO_DATE('2026-02-15 14:34:34','YYYY-MM-DD HH24:MI:SS'));
Insert into USER_ACCOUNT (USER_ID, LOGIN_ID, PASSWORD, NICKNAME, CREATED_AT)
  values (USER_ACCOUNT_SEQ.NEXTVAL, 'user0005', CRYPTPACK.ENCRYPT('12341234','12341234'), '진지한해결사', TO_DATE('2026-02-20 07:25:40','YYYY-MM-DD HH24:MI:SS'));
Insert into USER_ACCOUNT (USER_ID, LOGIN_ID, PASSWORD, NICKNAME, CREATED_AT)
  values (USER_ACCOUNT_SEQ.NEXTVAL, 'user0011', CRYPTPACK.ENCRYPT('12341234','12341234'), '엉뚱한수배자', TO_DATE('2026-02-22 12:24:43','YYYY-MM-DD HH24:MI:SS'));
Insert into USER_ACCOUNT (USER_ID, LOGIN_ID, PASSWORD, NICKNAME, CREATED_AT)
  values (USER_ACCOUNT_SEQ.NEXTVAL, 'user0013', CRYPTPACK.ENCRYPT('12341234','12341234'), '진지한열쇠',   TO_DATE('2026-02-23 01:04:55','YYYY-MM-DD HH24:MI:SS'));
Insert into USER_ACCOUNT (USER_ID, LOGIN_ID, PASSWORD, NICKNAME, CREATED_AT)
  values (USER_ACCOUNT_SEQ.NEXTVAL, 'user0001', CRYPTPACK.ENCRYPT('12341234','12341234'), '행복한열쇠',   TO_DATE('2026-02-24 17:32:35','YYYY-MM-DD HH24:MI:SS'));
Insert into USER_ACCOUNT (USER_ID, LOGIN_ID, PASSWORD, NICKNAME, CREATED_AT)
  values (USER_ACCOUNT_SEQ.NEXTVAL, 'user0015', CRYPTPACK.ENCRYPT('12341234','12341234'), '빠른목격자',   TO_DATE('2026-02-28 07:18:41','YYYY-MM-DD HH24:MI:SS'));
Insert into USER_ACCOUNT (USER_ID, LOGIN_ID, PASSWORD, NICKNAME, CREATED_AT)
  values (USER_ACCOUNT_SEQ.NEXTVAL, 'user0008', CRYPTPACK.ENCRYPT('12341234','12341234'), '엉뚱한열쇠',   TO_DATE('2026-02-28 18:46:21','YYYY-MM-DD HH24:MI:SS'));



-- =====================================================
-- USER_INFO (USER_ID 1~20, 이메일 도메인 혼합)
-- =====================================================
Insert into USER_INFO (USER_ID, EMAIL, NAME, PHONE, GENDER, BIRTHDATE) values (1,  'user0007@noexit.com',  '임서윤', '01034682629', 'F', TO_DATE('1989-11-24','YYYY-MM-DD'));
Insert into USER_INFO (USER_ID, EMAIL, NAME, PHONE, GENDER, BIRTHDATE) values (2,  'user0009@gmail.com',   '서서윤', '01080192128', 'F', TO_DATE('1986-04-27','YYYY-MM-DD'));
Insert into USER_INFO (USER_ID, EMAIL, NAME, PHONE, GENDER, BIRTHDATE) values (3,  'user0019@test.com',    '한은서', '01054150415', 'F', TO_DATE('1996-03-24','YYYY-MM-DD'));
Insert into USER_INFO (USER_ID, EMAIL, NAME, PHONE, GENDER, BIRTHDATE) values (4,  'user0014@noexit.com',  '오하윤', '01017111069', 'M', TO_DATE('2000-06-25','YYYY-MM-DD'));
Insert into USER_INFO (USER_ID, EMAIL, NAME, PHONE, GENDER, BIRTHDATE) values (5,  'user0017@gmail.com',   '윤하윤', '01060215436', 'F', TO_DATE('1994-11-05','YYYY-MM-DD'));
Insert into USER_INFO (USER_ID, EMAIL, NAME, PHONE, GENDER, BIRTHDATE) values (6,  'user0010@test.com',    '윤건우', '01015490494', 'M', TO_DATE('1992-06-04','YYYY-MM-DD'));
Insert into USER_INFO (USER_ID, EMAIL, NAME, PHONE, GENDER, BIRTHDATE) values (7,  'user0020@noexit.com',  '김서윤', '01090686654', 'F', TO_DATE('1994-04-08','YYYY-MM-DD'));
Insert into USER_INFO (USER_ID, EMAIL, NAME, PHONE, GENDER, BIRTHDATE) values (8,  'user0002@gmail.com',   '박서연', '01063547162', 'M', TO_DATE('2000-03-20','YYYY-MM-DD'));
Insert into USER_INFO (USER_ID, EMAIL, NAME, PHONE, GENDER, BIRTHDATE) values (9,  'user0003@test.com',    '서지우', '01027831843', 'F', TO_DATE('1989-02-02','YYYY-MM-DD'));
Insert into USER_INFO (USER_ID, EMAIL, NAME, PHONE, GENDER, BIRTHDATE) values (10, 'user0004@noexit.com',  '김하윤', '01017221175', 'M', TO_DATE('1990-10-20','YYYY-MM-DD'));
Insert into USER_INFO (USER_ID, EMAIL, NAME, PHONE, GENDER, BIRTHDATE) values (11, 'user0006@gmail.com',   '신예준', '01081852700', 'F', TO_DATE('1995-03-25','YYYY-MM-DD'));
Insert into USER_INFO (USER_ID, EMAIL, NAME, PHONE, GENDER, BIRTHDATE) values (12, 'user0018@test.com',    '권건우', '01033283244', 'F', TO_DATE('2004-05-09','YYYY-MM-DD'));
Insert into USER_INFO (USER_ID, EMAIL, NAME, PHONE, GENDER, BIRTHDATE) values (13, 'user0012@noexit.com',  '조은서', '01079398657', 'F', TO_DATE('1990-10-20','YYYY-MM-DD'));
Insert into USER_INFO (USER_ID, EMAIL, NAME, PHONE, GENDER, BIRTHDATE) values (14, 'user0016@gmail.com',   '한서준', '01000945782', 'M', TO_DATE('1993-07-11','YYYY-MM-DD'));
Insert into USER_INFO (USER_ID, EMAIL, NAME, PHONE, GENDER, BIRTHDATE) values (15, 'user0005@test.com',    '정서준', '01042964359', 'M', TO_DATE('2004-01-23','YYYY-MM-DD'));
Insert into USER_INFO (USER_ID, EMAIL, NAME, PHONE, GENDER, BIRTHDATE) values (16, 'user0011@noexit.com',  '신현우', '01053643724', 'F', TO_DATE('1997-03-13','YYYY-MM-DD'));
Insert into USER_INFO (USER_ID, EMAIL, NAME, PHONE, GENDER, BIRTHDATE) values (17, 'user0013@gmail.com',   '강우진', '01001657276', 'M', TO_DATE('2004-04-14','YYYY-MM-DD'));
Insert into USER_INFO (USER_ID, EMAIL, NAME, PHONE, GENDER, BIRTHDATE) values (18, 'user0001@test.com',    '신예준', '01041302595', 'F', TO_DATE('1988-07-15','YYYY-MM-DD'));
Insert into USER_INFO (USER_ID, EMAIL, NAME, PHONE, GENDER, BIRTHDATE) values (19, 'user0015@noexit.com',  '권채원', '01025872681', 'F', TO_DATE('1997-03-12','YYYY-MM-DD'));
Insert into USER_INFO (USER_ID, EMAIL, NAME, PHONE, GENDER, BIRTHDATE) values (20, 'user0008@gmail.com',   '조주원', '01025068177', 'F', TO_DATE('1986-05-16','YYYY-MM-DD'));


SELECT *
FROM USER_DROP;
-- =====================================================
-- USER_DROP (탈퇴: 가입 후 충분한 기간 경과 후)
-- user19 가입 2026-01-05 → 탈퇴 2026-05-10
-- user20 가입 2026-01-27 → 탈퇴 2026-05-08
-- =====================================================
Insert into USER_DROP (USER_ID, EMAIL, NAME, PHONE, GENDER, BIRTHDATE, DROP_AT)
  values (3, 'user0019@test.com', '한은서', '01054150415', 'F', TO_DATE('1996-03-24','YYYY-MM-DD'), TO_DATE('2026-05-10 20:25:03','YYYY-MM-DD HH24:MI:SS'));
Insert into USER_DROP (USER_ID, EMAIL, NAME, PHONE, GENDER, BIRTHDATE, DROP_AT)
  values (7, 'user0020@noexit.com', '김서윤', '01090686654', 'F', TO_DATE('1994-04-08','YYYY-MM-DD'), TO_DATE('2026-05-08 00:52:32','YYYY-MM-DD HH24:MI:SS'));

-- =====================================================
-- ADMIN_ACCOUNT / INFO / HISTORY
-- =====================================================
Insert into ADMIN_ACCOUNT (ADMIN_ID, LOGIN_ID, PASSWORD) values (ADMIN_ACCOUNT_SEQ.NEXTVAL, 'admin001', CRYPTPACK.ENCRYPT('12341234','12341234'));
Insert into ADMIN_ACCOUNT (ADMIN_ID, LOGIN_ID, PASSWORD) values (ADMIN_ACCOUNT_SEQ.NEXTVAL, 'admin002', CRYPTPACK.ENCRYPT('12341234','12341234'));

select *
from ADMIN_INFO;

Insert into ADMIN_INFO (ADMIN_INFO_ID, NAME, PHONE) values (ADMIN_INFO_SEQ.NEXTVAL, '관리자A', '01011112222');
Insert into ADMIN_INFO (ADMIN_INFO_ID, NAME, PHONE) values (ADMIN_INFO_SEQ.NEXTVAL, '관리자B', '01033334444');

Insert into ADMIN_HISTORY (ADMIN_HISTORY_ID, ADMIN_ID, ADMIN_INFO_ID, START_DATE, END_DATE)
  values (ADMIN_HISTORY_SEQ.NEXTVAL, 1, 1, TO_DATE('2026-01-02 10:00:00','YYYY-MM-DD HH24:MI:SS'), NULL);
Insert into ADMIN_HISTORY (ADMIN_HISTORY_ID, ADMIN_ID, ADMIN_INFO_ID, START_DATE, END_DATE)
  values (ADMIN_HISTORY_SEQ.NEXTVAL, 2, 2, TO_DATE('2026-01-10 09:00:00','YYYY-MM-DD HH24:MI:SS'), NULL);

-- =====================================================
-- CAFE (오너 가입 후 등록)
-- 카페1: user8(박서연), 가입 2026-01-26 → 카페 2026-02-20
-- 카페2: user11(신예준), 가입 2026-02-09 → 카페 2026-02-12
-- 카페3: user1(임서윤), 가입 2026-01-03 → 카페 2026-02-15
-- 카페4: user9(서지우), 가입 2026-02-03 → 카페 2026-02-18
-- =====================================================
Insert into CAFE (CAFE_ID, USER_ID, BR_NO, CAFE_NAME, PHONE, POSTAL_CODE, ADDRESS, ADDRESS_DETAIL, CREATED_AT)
  values (CAFE_SEQ.NEXTVAL, 8,  '5724707177', '서울이스케이프룸', '0200897664', '11729', '서울 강남구 테헤란로 147', '15층', TO_DATE('2026-02-20 02:10:47','YYYY-MM-DD HH24:MI:SS'));
Insert into CAFE (CAFE_ID, USER_ID, BR_NO, CAFE_NAME, PHONE, POSTAL_CODE, ADDRESS, ADDRESS_DETAIL, CREATED_AT)
  values (CAFE_SEQ.NEXTVAL, 11, '3839159405', '비밀의화원',     '0225733463', '58949', '부산 부산진구 서면로 86',   '7층',  TO_DATE('2026-02-12 00:27:37','YYYY-MM-DD HH24:MI:SS'));
Insert into CAFE (CAFE_ID, USER_ID, BR_NO, CAFE_NAME, PHONE, POSTAL_CODE, ADDRESS, ADDRESS_DETAIL, CREATED_AT)
  values (CAFE_SEQ.NEXTVAL, 1,  '1281467157', '지구별',         '0218949583', '78790', '서울 강남구 테헤란로 67',   '5층',  TO_DATE('2026-02-15 05:10:55','YYYY-MM-DD HH24:MI:SS'));
Insert into CAFE (CAFE_ID, USER_ID, BR_NO, CAFE_NAME, PHONE, POSTAL_CODE, ADDRESS, ADDRESS_DETAIL, CREATED_AT)
  values (CAFE_SEQ.NEXTVAL, 9,  '0046662998', '오아시스',       '0267843051', '42924', '부산 부산진구 서면로 188',  '1층',  TO_DATE('2026-02-18 12:55:29','YYYY-MM-DD HH24:MI:SS'));

select *
from room;


-- =====================================================
-- ROOM (v2 기준 테마명, 카페 등록일 이후)
-- 카페1: 접견(room1), 4SUM1(room2)
-- 카페2: 오시리스(room3), 비밀의가족(room4), 파리82(room5)
-- 카페3: 안녕(room6), 잉카(room7), 퀘스트:여정의시작(room8)
-- 카페4: 멸종위기종탐사대(room9), 업사이드다운(room10), 배드타임(room11), 미씽삭스미스터리(room12)
-- =====================================================
-- 카페1 룸
Insert into ROOM (ROOM_ID, CAFE_ID, ROOM_NAME, GENRE_ID, DURATION, DIFFICULTY, HORROR_GRADE, ACTIVITY_GRADE, MIN_PLAYERS, MAX_PLAYERS, ROOM_DESC, ROOM_IMG, PRICE, IS_ADULT, CREATED_AT)
  values (ROOM_SEQ.NEXTVAL, 1, '접견',           1, 60, 1, 4, 3, 2, 3, '그날 있었던 일...진술해 주실 수 있겠습니까?',                                                                                        '/images/room_1.png', 28000, 1, TO_DATE('2026-02-24 01:33:44','YYYY-MM-DD HH24:MI:SS'));
Insert into ROOM (ROOM_ID, CAFE_ID, ROOM_NAME, GENRE_ID, DURATION, DIFFICULTY, HORROR_GRADE, ACTIVITY_GRADE, MIN_PLAYERS, MAX_PLAYERS, ROOM_DESC, ROOM_IMG, PRICE, IS_ADULT, CREATED_AT)
  values (ROOM_SEQ.NEXTVAL, 1, '4 SUM 1',        3, 60, 5, 2, 5, 2, 5, '누군가를 위해 만들어진 방. Rooms made for someone.',                                                                                   '/images/room_2.png', 25000, 0, TO_DATE('2026-02-25 00:20:41','YYYY-MM-DD HH24:MI:SS'));
-- 카페2 룸
Insert into ROOM (ROOM_ID, CAFE_ID, ROOM_NAME, GENRE_ID, DURATION, DIFFICULTY, HORROR_GRADE, ACTIVITY_GRADE, MIN_PLAYERS, MAX_PLAYERS, ROOM_DESC, ROOM_IMG, PRICE, IS_ADULT, CREATED_AT)
  values (ROOM_SEQ.NEXTVAL, 2, '오시리스',        2, 80, 2, 5, 3, 2, 5, '동면이 해제되었습니다.',                                                                                                              '/images/room_3.png', 28000, 0, TO_DATE('2026-02-15 10:51:23','YYYY-MM-DD HH24:MI:SS'));
Insert into ROOM (ROOM_ID, CAFE_ID, ROOM_NAME, GENRE_ID, DURATION, DIFFICULTY, HORROR_GRADE, ACTIVITY_GRADE, MIN_PLAYERS, MAX_PLAYERS, ROOM_DESC, ROOM_IMG, PRICE, IS_ADULT, CREATED_AT)
  values (ROOM_SEQ.NEXTVAL, 2, '비밀의 가족',     1, 80, 4, 3, 2, 3, 6, '어느날부터인가 옆집에서 밤마다 들려오는 쿵쿵대는 소리. 이상한 분위기가 감도는 집 안, 이 집에 살고 있는 가족의 비밀을 알게되는데..',  '/images/room_4.jpg', 25000, 0, TO_DATE('2026-02-14 05:25:50','YYYY-MM-DD HH24:MI:SS'));
Insert into ROOM (ROOM_ID, CAFE_ID, ROOM_NAME, GENRE_ID, DURATION, DIFFICULTY, HORROR_GRADE, ACTIVITY_GRADE, MIN_PLAYERS, MAX_PLAYERS, ROOM_DESC, ROOM_IMG, PRICE, IS_ADULT, CREATED_AT)
  values (ROOM_SEQ.NEXTVAL, 2, '파리 82',         1, 80, 1, 2, 1, 2, 3, '자자, 날이면 날마다 찾아오는 여행이 아닙니다! 파리여행 풀코스로 친절히 모시겠습니다^-^',                                             '/images/room_5.jpg', 22000, 0, TO_DATE('2026-02-16 14:15:16','YYYY-MM-DD HH24:MI:SS'));
-- 카페3 룸
Insert into ROOM (ROOM_ID, CAFE_ID, ROOM_NAME, GENRE_ID, DURATION, DIFFICULTY, HORROR_GRADE, ACTIVITY_GRADE, MIN_PLAYERS, MAX_PLAYERS, ROOM_DESC, ROOM_IMG, PRICE, IS_ADULT, CREATED_AT)
  values (ROOM_SEQ.NEXTVAL, 3, '안녕',            3, 60, 4, 3, 4, 2, 4, '과로로 쓰러진 당신, 입원 도중 정신을 잃고 낯선 곳에 갇혔다. 여기가 어디지!?',                                                       '/images/room_6.jpg', 22000, 1, TO_DATE('2026-02-18 01:04:34','YYYY-MM-DD HH24:MI:SS'));
Insert into ROOM (ROOM_ID, CAFE_ID, ROOM_NAME, GENRE_ID, DURATION, DIFFICULTY, HORROR_GRADE, ACTIVITY_GRADE, MIN_PLAYERS, MAX_PLAYERS, ROOM_DESC, ROOM_IMG, PRICE, IS_ADULT, CREATED_AT)
  values (ROOM_SEQ.NEXTVAL, 3, '잉카',            4, 70, 4, 4, 5, 3, 5, '파올로 교수님은 12년 전 기자회견에서 거짓말쟁이가 되셨다. 나는 교수님을 믿었다. 나아가라. 발견하라. 그리고 선택하라.',                 '/images/room_7.jpg', 25000, 0, TO_DATE('2026-02-20 10:02:08','YYYY-MM-DD HH24:MI:SS'));
Insert into ROOM (ROOM_ID, CAFE_ID, ROOM_NAME, GENRE_ID, DURATION, DIFFICULTY, HORROR_GRADE, ACTIVITY_GRADE, MIN_PLAYERS, MAX_PLAYERS, ROOM_DESC, ROOM_IMG, PRICE, IS_ADULT, CREATED_AT)
  values (ROOM_SEQ.NEXTVAL, 3, '퀘스트 : 여정의 시작', 6, 60, 5, 5, 3, 2, 5, '퀘스트를 수락하시겠습니까? * 지구별 어드벤처 입문 테마로 추천드립니다.',                                                   '/images/room_8.jpg', 28000, 0, TO_DATE('2026-02-22 09:04:21','YYYY-MM-DD HH24:MI:SS'));
-- 카페4 룸
Insert into ROOM (ROOM_ID, CAFE_ID, ROOM_NAME, GENRE_ID, DURATION, DIFFICULTY, HORROR_GRADE, ACTIVITY_GRADE, MIN_PLAYERS, MAX_PLAYERS, ROOM_DESC, ROOM_IMG, PRICE, IS_ADULT, CREATED_AT)
  values (ROOM_SEQ.NEXTVAL, 4, '멸종위기종 탐사대',  3, 80, 3, 4, 3, 2, 3, '신비로운 미지의 섬, 브이 아일랜드에서 멸종위기종을 탐사할 수 있는 단 한번의 기회!',                                               '/images/room_9.jpg',  22000, 0, TO_DATE('2026-02-21 20:59:45','YYYY-MM-DD HH24:MI:SS'));
Insert into ROOM (ROOM_ID, CAFE_ID, ROOM_NAME, GENRE_ID, DURATION, DIFFICULTY, HORROR_GRADE, ACTIVITY_GRADE, MIN_PLAYERS, MAX_PLAYERS, ROOM_DESC, ROOM_IMG, PRICE, IS_ADULT, CREATED_AT)
  values (ROOM_SEQ.NEXTVAL, 4, '업사이드 다운',    1, 60, 5, 1, 3, 3, 5, '전 세계 악당을 잡는 회사에 취업한 지 어느덧 3년째. 지구 바깥에서 잡힌 신호. 직접 가서 눈으로 확인해 봐야겠어!',                      '/images/room_10.jpg', 22000, 0, TO_DATE('2026-02-22 15:37:53','YYYY-MM-DD HH24:MI:SS'));
Insert into ROOM (ROOM_ID, CAFE_ID, ROOM_NAME, GENRE_ID, DURATION, DIFFICULTY, HORROR_GRADE, ACTIVITY_GRADE, MIN_PLAYERS, MAX_PLAYERS, ROOM_DESC, ROOM_IMG, PRICE, IS_ADULT, CREATED_AT)
  values (ROOM_SEQ.NEXTVAL, 4, '배드 타임',        4, 80, 3, 4, 1, 3, 5, '깜깜한 밤, 모두가 잠든 시간. 침대 아래, 방문 뒤 ... 누군가 숨어 있진 않을까?',                                                     '/images/room_11.jpg', 25000, 0, TO_DATE('2026-02-23 13:42:28','YYYY-MM-DD HH24:MI:SS'));
Insert into ROOM (ROOM_ID, CAFE_ID, ROOM_NAME, GENRE_ID, DURATION, DIFFICULTY, HORROR_GRADE, ACTIVITY_GRADE, MIN_PLAYERS, MAX_PLAYERS, ROOM_DESC, ROOM_IMG, PRICE, IS_ADULT, CREATED_AT)
  values (ROOM_SEQ.NEXTVAL, 4, '미씽 삭스 미스터리', 1, 60, 2, 4, 1, 2, 4, '일상에서 자꾸만 사라지는 양말 한 짝. 대체 양말들은 어디로 사라지는 걸까? 세탁기 속에 블랙홀이라도 있는 걸까?',                     '/images/room_12.jpg', 28000, 0, TO_DATE('2026-02-24 03:57:36','YYYY-MM-DD HH24:MI:SS'));


-- =====================================================
-- MANAGER_HISTORY (카페 등록 다음날 이후)
-- =====================================================
Insert into MANAGER_HISTORY (MANAGER_HISTORY_ID, CAFE_ID, USER_ID, REG_EVENT_ID, CREATED_AT)
  values (MANAGER_HISTORY_SEQ.NEXTVAL, 1, 8,  1, TO_DATE('2026-02-21 19:49:24','YYYY-MM-DD HH24:MI:SS'));
Insert into MANAGER_HISTORY (MANAGER_HISTORY_ID, CAFE_ID, USER_ID, REG_EVENT_ID, CREATED_AT)
  values (MANAGER_HISTORY_SEQ.NEXTVAL, 2, 11, 1, TO_DATE('2026-02-13 07:45:12','YYYY-MM-DD HH24:MI:SS'));
Insert into MANAGER_HISTORY (MANAGER_HISTORY_ID, CAFE_ID, USER_ID, REG_EVENT_ID, CREATED_AT)
  values (MANAGER_HISTORY_SEQ.NEXTVAL, 3, 1,  1, TO_DATE('2026-02-16 14:53:22','YYYY-MM-DD HH24:MI:SS'));
Insert into MANAGER_HISTORY (MANAGER_HISTORY_ID, CAFE_ID, USER_ID, REG_EVENT_ID, CREATED_AT)
  values (MANAGER_HISTORY_SEQ.NEXTVAL, 4, 9,  1, TO_DATE('2026-02-19 11:51:52','YYYY-MM-DD HH24:MI:SS'));
Insert into MANAGER_HISTORY (MANAGER_HISTORY_ID, CAFE_ID, USER_ID, REG_EVENT_ID, CREATED_AT)
  values (MANAGER_HISTORY_SEQ.NEXTVAL, 4, 12, 1, TO_DATE('2026-03-10 05:42:56','YYYY-MM-DD HH24:MI:SS'));


select *
from res_open;
-- =====================================================
-- RES_OPEN
-- CREATED_AT > 룸 등록일, OPEN_AT > CREATED_AT
-- 과거(OPEN_AT < 2026-06-05): RES_ID 1~27
-- 미래(OPEN_AT > 2026-06-05): RES_ID 28~47
-- =====================================================
-- [룸1 접견, 카페1] 과거2 + 미래1
Insert into RES_OPEN (RES_OPEN_ID, ROOM_ID, OPEN_AT, USER_ID, CREATED_AT)
  values (RES_OPEN_SEQ.NEXTVAL, 1, TO_DATE('2026-03-20 14:00','YYYY-MM-DD HH24:MI'), 8, TO_DATE('2026-03-07 08:00:00','YYYY-MM-DD HH24:MI:SS')); -- RES=1 과거
Insert into RES_OPEN (RES_OPEN_ID, ROOM_ID, OPEN_AT, USER_ID, CREATED_AT)
  values (RES_OPEN_SEQ.NEXTVAL, 1, TO_DATE('2026-05-10 16:00','YYYY-MM-DD HH24:MI'), 8, TO_DATE('2026-04-26 10:00:00','YYYY-MM-DD HH24:MI:SS')); -- RES=2 과거
Insert into RES_OPEN (RES_OPEN_ID, ROOM_ID, OPEN_AT, USER_ID, CREATED_AT)
  values (RES_OPEN_SEQ.NEXTVAL, 1, TO_DATE('2026-07-19 16:00','YYYY-MM-DD HH24:MI'), 8, TO_DATE('2026-06-01 11:00:00','YYYY-MM-DD HH24:MI:SS')); -- RES=3 미래

-- [룸2 4SUM1, 카페1] 과거2 + 미래2
Insert into RES_OPEN (RES_OPEN_ID, ROOM_ID, OPEN_AT, USER_ID, CREATED_AT)
  values (RES_OPEN_SEQ.NEXTVAL, 2, TO_DATE('2026-04-12 14:00','YYYY-MM-DD HH24:MI'), 8, TO_DATE('2026-03-29 14:00:00','YYYY-MM-DD HH24:MI:SS')); -- RES=4 과거
Insert into RES_OPEN (RES_OPEN_ID, ROOM_ID, OPEN_AT, USER_ID, CREATED_AT)
  values (RES_OPEN_SEQ.NEXTVAL, 2, TO_DATE('2026-05-31 10:00','YYYY-MM-DD HH24:MI'), 8, TO_DATE('2026-05-17 09:00:00','YYYY-MM-DD HH24:MI:SS')); -- RES=5 과거
Insert into RES_OPEN (RES_OPEN_ID, ROOM_ID, OPEN_AT, USER_ID, CREATED_AT)
  values (RES_OPEN_SEQ.NEXTVAL, 2, TO_DATE('2026-07-05 20:00','YYYY-MM-DD HH24:MI'), 8, TO_DATE('2026-06-02 13:00:00','YYYY-MM-DD HH24:MI:SS')); -- RES=6 미래
Insert into RES_OPEN (RES_OPEN_ID, ROOM_ID, OPEN_AT, USER_ID, CREATED_AT)
  values (RES_OPEN_SEQ.NEXTVAL, 2, TO_DATE('2026-08-23 10:00','YYYY-MM-DD HH24:MI'), 8, TO_DATE('2026-06-04 15:00:00','YYYY-MM-DD HH24:MI:SS')); -- RES=7 미래

-- [룸3 오시리스, 카페2] 과거3 + 미래2
Insert into RES_OPEN (RES_OPEN_ID, ROOM_ID, OPEN_AT, USER_ID, CREATED_AT)
  values (RES_OPEN_SEQ.NEXTVAL, 3, TO_DATE('2026-03-22 16:00','YYYY-MM-DD HH24:MI'), 11, TO_DATE('2026-03-08 07:00:00','YYYY-MM-DD HH24:MI:SS')); -- RES=8  과거
Insert into RES_OPEN (RES_OPEN_ID, ROOM_ID, OPEN_AT, USER_ID, CREATED_AT)
  values (RES_OPEN_SEQ.NEXTVAL, 3, TO_DATE('2026-04-25 20:00','YYYY-MM-DD HH24:MI'), 11, TO_DATE('2026-04-11 10:00:00','YYYY-MM-DD HH24:MI:SS')); -- RES=9  과거
Insert into RES_OPEN (RES_OPEN_ID, ROOM_ID, OPEN_AT, USER_ID, CREATED_AT)
  values (RES_OPEN_SEQ.NEXTVAL, 3, TO_DATE('2026-06-01 18:00','YYYY-MM-DD HH24:MI'), 11, TO_DATE('2026-05-18 11:00:00','YYYY-MM-DD HH24:MI:SS')); -- RES=10 과거
Insert into RES_OPEN (RES_OPEN_ID, ROOM_ID, OPEN_AT, USER_ID, CREATED_AT)
  values (RES_OPEN_SEQ.NEXTVAL, 3, TO_DATE('2026-07-12 14:00','YYYY-MM-DD HH24:MI'), 11, TO_DATE('2026-06-01 08:00:00','YYYY-MM-DD HH24:MI:SS')); -- RES=11 미래
Insert into RES_OPEN (RES_OPEN_ID, ROOM_ID, OPEN_AT, USER_ID, CREATED_AT)
  values (RES_OPEN_SEQ.NEXTVAL, 3, TO_DATE('2026-09-06 16:00','YYYY-MM-DD HH24:MI'), 11, TO_DATE('2026-06-04 09:30:00','YYYY-MM-DD HH24:MI:SS')); -- RES=12 미래

-- [룸4 비밀의가족, 카페2] 과거2 + 미래2
Insert into RES_OPEN (RES_OPEN_ID, ROOM_ID, OPEN_AT, USER_ID, CREATED_AT)
  values (RES_OPEN_SEQ.NEXTVAL, 4, TO_DATE('2026-03-28 12:00','YYYY-MM-DD HH24:MI'), 11, TO_DATE('2026-03-14 14:00:00','YYYY-MM-DD HH24:MI:SS')); -- RES=13 과거
Insert into RES_OPEN (RES_OPEN_ID, ROOM_ID, OPEN_AT, USER_ID, CREATED_AT)
  values (RES_OPEN_SEQ.NEXTVAL, 4, TO_DATE('2026-05-09 14:00','YYYY-MM-DD HH24:MI'), 11, TO_DATE('2026-04-25 10:00:00','YYYY-MM-DD HH24:MI:SS')); -- RES=14 과거
Insert into RES_OPEN (RES_OPEN_ID, ROOM_ID, OPEN_AT, USER_ID, CREATED_AT)
  values (RES_OPEN_SEQ.NEXTVAL, 4, TO_DATE('2026-06-28 16:00','YYYY-MM-DD HH24:MI'), 11, TO_DATE('2026-06-03 16:00:00','YYYY-MM-DD HH24:MI:SS')); -- RES=15 미래
Insert into RES_OPEN (RES_OPEN_ID, ROOM_ID, OPEN_AT, USER_ID, CREATED_AT)
  values (RES_OPEN_SEQ.NEXTVAL, 4, TO_DATE('2026-08-09 12:00','YYYY-MM-DD HH24:MI'), 11, TO_DATE('2026-06-05 08:00:00','YYYY-MM-DD HH24:MI:SS')); -- RES=16 미래

-- [룸5 파리82, 카페2] 과거2 + 미래1
Insert into RES_OPEN (RES_OPEN_ID, ROOM_ID, OPEN_AT, USER_ID, CREATED_AT)
  values (RES_OPEN_SEQ.NEXTVAL, 5, TO_DATE('2026-04-05 20:00','YYYY-MM-DD HH24:MI'), 11, TO_DATE('2026-03-22 10:00:00','YYYY-MM-DD HH24:MI:SS')); -- RES=17 과거
Insert into RES_OPEN (RES_OPEN_ID, ROOM_ID, OPEN_AT, USER_ID, CREATED_AT)
  values (RES_OPEN_SEQ.NEXTVAL, 5, TO_DATE('2026-05-17 12:00','YYYY-MM-DD HH24:MI'), 11, TO_DATE('2026-05-03 09:00:00','YYYY-MM-DD HH24:MI:SS')); -- RES=18 과거
Insert into RES_OPEN (RES_OPEN_ID, ROOM_ID, OPEN_AT, USER_ID, CREATED_AT)
  values (RES_OPEN_SEQ.NEXTVAL, 5, TO_DATE('2026-07-26 18:00','YYYY-MM-DD HH24:MI'), 11, TO_DATE('2026-06-02 10:00:00','YYYY-MM-DD HH24:MI:SS')); -- RES=19 미래

-- [룸6 안녕, 카페3] 과거2 + 미래2
Insert into RES_OPEN (RES_OPEN_ID, ROOM_ID, OPEN_AT, USER_ID, CREATED_AT)
  values (RES_OPEN_SEQ.NEXTVAL, 6, TO_DATE('2026-03-15 20:00','YYYY-MM-DD HH24:MI'), 1, TO_DATE('2026-03-02 09:00:00','YYYY-MM-DD HH24:MI:SS')); -- RES=20 과거
Insert into RES_OPEN (RES_OPEN_ID, ROOM_ID, OPEN_AT, USER_ID, CREATED_AT)
  values (RES_OPEN_SEQ.NEXTVAL, 6, TO_DATE('2026-05-03 14:00','YYYY-MM-DD HH24:MI'), 1, TO_DATE('2026-04-19 08:00:00','YYYY-MM-DD HH24:MI:SS')); -- RES=21 과거
Insert into RES_OPEN (RES_OPEN_ID, ROOM_ID, OPEN_AT, USER_ID, CREATED_AT)
  values (RES_OPEN_SEQ.NEXTVAL, 6, TO_DATE('2026-06-21 16:00','YYYY-MM-DD HH24:MI'), 1, TO_DATE('2026-06-03 14:00:00','YYYY-MM-DD HH24:MI:SS')); -- RES=22 미래
Insert into RES_OPEN (RES_OPEN_ID, ROOM_ID, OPEN_AT, USER_ID, CREATED_AT)
  values (RES_OPEN_SEQ.NEXTVAL, 6, TO_DATE('2026-08-16 20:00','YYYY-MM-DD HH24:MI'), 1, TO_DATE('2026-06-04 11:30:00','YYYY-MM-DD HH24:MI:SS')); -- RES=23 미래

-- [룸7 잉카, 카페3] 과거3 + 미래2
Insert into RES_OPEN (RES_OPEN_ID, ROOM_ID, OPEN_AT, USER_ID, CREATED_AT)
  values (RES_OPEN_SEQ.NEXTVAL, 7, TO_DATE('2026-03-28 20:00','YYYY-MM-DD HH24:MI'), 1, TO_DATE('2026-03-14 10:00:00','YYYY-MM-DD HH24:MI:SS')); -- RES=24 과거
Insert into RES_OPEN (RES_OPEN_ID, ROOM_ID, OPEN_AT, USER_ID, CREATED_AT)
  values (RES_OPEN_SEQ.NEXTVAL, 7, TO_DATE('2026-04-26 10:00','YYYY-MM-DD HH24:MI'), 1, TO_DATE('2026-04-12 09:00:00','YYYY-MM-DD HH24:MI:SS')); -- RES=25 과거
Insert into RES_OPEN (RES_OPEN_ID, ROOM_ID, OPEN_AT, USER_ID, CREATED_AT)
  values (RES_OPEN_SEQ.NEXTVAL, 7, TO_DATE('2026-05-30 16:00','YYYY-MM-DD HH24:MI'), 1, TO_DATE('2026-05-16 13:00:00','YYYY-MM-DD HH24:MI:SS')); -- RES=26 과거
Insert into RES_OPEN (RES_OPEN_ID, ROOM_ID, OPEN_AT, USER_ID, CREATED_AT)
  values (RES_OPEN_SEQ.NEXTVAL, 7, TO_DATE('2026-06-28 20:00','YYYY-MM-DD HH24:MI'), 1, TO_DATE('2026-06-03 10:00:00','YYYY-MM-DD HH24:MI:SS')); -- RES=27 미래
Insert into RES_OPEN (RES_OPEN_ID, ROOM_ID, OPEN_AT, USER_ID, CREATED_AT)
  values (RES_OPEN_SEQ.NEXTVAL, 7, TO_DATE('2026-08-09 14:00','YYYY-MM-DD HH24:MI'), 1, TO_DATE('2026-06-05 07:30:00','YYYY-MM-DD HH24:MI:SS')); -- RES=28 미래

-- [룸8 퀘스트, 카페3] 과거2 + 미래1
Insert into RES_OPEN (RES_OPEN_ID, ROOM_ID, OPEN_AT, USER_ID, CREATED_AT)
  values (RES_OPEN_SEQ.NEXTVAL, 8, TO_DATE('2026-04-11 18:00','YYYY-MM-DD HH24:MI'), 1, TO_DATE('2026-03-28 11:00:00','YYYY-MM-DD HH24:MI:SS')); -- RES=29 과거
Insert into RES_OPEN (RES_OPEN_ID, ROOM_ID, OPEN_AT, USER_ID, CREATED_AT)
  values (RES_OPEN_SEQ.NEXTVAL, 8, TO_DATE('2026-05-23 14:00','YYYY-MM-DD HH24:MI'), 1, TO_DATE('2026-05-09 09:00:00','YYYY-MM-DD HH24:MI:SS')); -- RES=30 과거
Insert into RES_OPEN (RES_OPEN_ID, ROOM_ID, OPEN_AT, USER_ID, CREATED_AT)
  values (RES_OPEN_SEQ.NEXTVAL, 8, TO_DATE('2026-07-19 20:00','YYYY-MM-DD HH24:MI'), 1, TO_DATE('2026-06-02 14:00:00','YYYY-MM-DD HH24:MI:SS')); -- RES=31 미래

-- [룸9 멸종위기종탐사대, 카페4] 과거2 + 미래2
Insert into RES_OPEN (RES_OPEN_ID, ROOM_ID, OPEN_AT, USER_ID, CREATED_AT)
  values (RES_OPEN_SEQ.NEXTVAL, 9, TO_DATE('2026-03-21 18:00','YYYY-MM-DD HH24:MI'), 9, TO_DATE('2026-03-07 12:00:00','YYYY-MM-DD HH24:MI:SS')); -- RES=32 과거
Insert into RES_OPEN (RES_OPEN_ID, ROOM_ID, OPEN_AT, USER_ID, CREATED_AT)
  values (RES_OPEN_SEQ.NEXTVAL, 9, TO_DATE('2026-05-02 12:00','YYYY-MM-DD HH24:MI'), 9, TO_DATE('2026-04-18 10:00:00','YYYY-MM-DD HH24:MI:SS')); -- RES=33 과거
Insert into RES_OPEN (RES_OPEN_ID, ROOM_ID, OPEN_AT, USER_ID, CREATED_AT)
  values (RES_OPEN_SEQ.NEXTVAL, 9, TO_DATE('2026-06-21 16:00','YYYY-MM-DD HH24:MI'), 9, TO_DATE('2026-06-02 11:00:00','YYYY-MM-DD HH24:MI:SS')); -- RES=34 미래
Insert into RES_OPEN (RES_OPEN_ID, ROOM_ID, OPEN_AT, USER_ID, CREATED_AT)
  values (RES_OPEN_SEQ.NEXTVAL, 9, TO_DATE('2026-08-02 20:00','YYYY-MM-DD HH24:MI'), 9, TO_DATE('2026-06-04 13:00:00','YYYY-MM-DD HH24:MI:SS')); -- RES=35 미래

-- [룸10 업사이드다운, 카페4] 과거3 + 미래1
Insert into RES_OPEN (RES_OPEN_ID, ROOM_ID, OPEN_AT, USER_ID, CREATED_AT)
  values (RES_OPEN_SEQ.NEXTVAL, 10, TO_DATE('2026-03-29 14:00','YYYY-MM-DD HH24:MI'), 9, TO_DATE('2026-03-15 08:00:00','YYYY-MM-DD HH24:MI:SS')); -- RES=36 과거
Insert into RES_OPEN (RES_OPEN_ID, ROOM_ID, OPEN_AT, USER_ID, CREATED_AT)
  values (RES_OPEN_SEQ.NEXTVAL, 10, TO_DATE('2026-04-30 16:00','YYYY-MM-DD HH24:MI'), 9, TO_DATE('2026-04-16 10:00:00','YYYY-MM-DD HH24:MI:SS')); -- RES=37 과거
Insert into RES_OPEN (RES_OPEN_ID, ROOM_ID, OPEN_AT, USER_ID, CREATED_AT)
  values (RES_OPEN_SEQ.NEXTVAL, 10, TO_DATE('2026-05-28 12:00','YYYY-MM-DD HH24:MI'), 9, TO_DATE('2026-05-14 09:30:00','YYYY-MM-DD HH24:MI:SS')); -- RES=38 과거
Insert into RES_OPEN (RES_OPEN_ID, ROOM_ID, OPEN_AT, USER_ID, CREATED_AT)
  values (RES_OPEN_SEQ.NEXTVAL, 10, TO_DATE('2026-07-12 18:00','YYYY-MM-DD HH24:MI'), 9, TO_DATE('2026-06-03 09:00:00','YYYY-MM-DD HH24:MI:SS')); -- RES=39 미래

-- [룸11 배드타임, 카페4] 과거2 + 미래2
Insert into RES_OPEN (RES_OPEN_ID, ROOM_ID, OPEN_AT, USER_ID, CREATED_AT)
  values (RES_OPEN_SEQ.NEXTVAL, 11, TO_DATE('2026-04-04 14:00','YYYY-MM-DD HH24:MI'), 9, TO_DATE('2026-03-21 11:00:00','YYYY-MM-DD HH24:MI:SS')); -- RES=40 과거
Insert into RES_OPEN (RES_OPEN_ID, ROOM_ID, OPEN_AT, USER_ID, CREATED_AT)
  values (RES_OPEN_SEQ.NEXTVAL, 11, TO_DATE('2026-05-16 10:00','YYYY-MM-DD HH24:MI'), 9, TO_DATE('2026-05-02 10:00:00','YYYY-MM-DD HH24:MI:SS')); -- RES=41 과거
Insert into RES_OPEN (RES_OPEN_ID, ROOM_ID, OPEN_AT, USER_ID, CREATED_AT)
  values (RES_OPEN_SEQ.NEXTVAL, 11, TO_DATE('2026-06-14 16:00','YYYY-MM-DD HH24:MI'), 9, TO_DATE('2026-06-01 08:30:00','YYYY-MM-DD HH24:MI:SS')); -- RES=42 미래
Insert into RES_OPEN (RES_OPEN_ID, ROOM_ID, OPEN_AT, USER_ID, CREATED_AT)
  values (RES_OPEN_SEQ.NEXTVAL, 11, TO_DATE('2026-07-26 20:00','YYYY-MM-DD HH24:MI'), 9, TO_DATE('2026-06-04 15:00:00','YYYY-MM-DD HH24:MI:SS')); -- RES=43 미래

-- [룸12 미씽삭스미스터리, 카페4] 과거2 + 미래1
Insert into RES_OPEN (RES_OPEN_ID, ROOM_ID, OPEN_AT, USER_ID, CREATED_AT)
  values (RES_OPEN_SEQ.NEXTVAL, 12, TO_DATE('2026-04-19 10:00','YYYY-MM-DD HH24:MI'), 9, TO_DATE('2026-04-05 09:00:00','YYYY-MM-DD HH24:MI:SS')); -- RES=44 과거
Insert into RES_OPEN (RES_OPEN_ID, ROOM_ID, OPEN_AT, USER_ID, CREATED_AT)
  values (RES_OPEN_SEQ.NEXTVAL, 12, TO_DATE('2026-05-31 18:00','YYYY-MM-DD HH24:MI'), 9, TO_DATE('2026-05-17 14:00:00','YYYY-MM-DD HH24:MI:SS')); -- RES=45 과거
Insert into RES_OPEN (RES_OPEN_ID, ROOM_ID, OPEN_AT, USER_ID, CREATED_AT)
  values (RES_OPEN_SEQ.NEXTVAL, 12, TO_DATE('2026-08-02 12:00','YYYY-MM-DD HH24:MI'), 9, TO_DATE('2026-06-05 09:00:00','YYYY-MM-DD HH24:MI:SS')); -- RES=46 미래

select *
from ROOM_DROP;
-- =====================================================
-- ROOM_DROP (룸11 배드타임 드롭)
-- =====================================================
Insert into ROOM_DROP (ROOM_DROP_ID, ROOM_ID, DROP_REASON_ID, DROP_AT)
  values (ROOM_DROP_SEQ.NEXTVAL, 11, 1, TO_DATE('2026-05-20 15:42:01','YYYY-MM-DD HH24:MI:SS'));

select *
from PARTY;
-- =====================================================
-- PARTY
-- PARTY 1~8: 과거 완료 (OPEN_AT 3일+ 전 생성)
-- PARTY 9~13: 미래 오픈 연결 (진행 중)
-- PARTY 14~16: PARTY_ROOM 없음 (모집 중)
-- =====================================================
Insert into PARTY (PARTY_ID, USER_ID, PARTY_NAME, GENDER_ID, MESSAGE, CREATED_AT)
  values (PARTY_SEQ.NEXTVAL, 20, '퇴근후 한판',    1, '함께 방탈출 하실 분 구합니다!', TO_DATE('2026-03-10 07:38:03','YYYY-MM-DD HH24:MI:SS')); -- P=1
Insert into PARTY (PARTY_ID, USER_ID, PARTY_NAME, GENDER_ID, MESSAGE, CREATED_AT)
  values (PARTY_SEQ.NEXTVAL, 17, '초보 환영',       0, '함께 방탈출 하실 분 구합니다!', TO_DATE('2026-03-11 01:30:40','YYYY-MM-DD HH24:MI:SS')); -- P=2
Insert into PARTY (PARTY_ID, USER_ID, PARTY_NAME, GENDER_ID, MESSAGE, CREATED_AT)
  values (PARTY_SEQ.NEXTVAL, 2,  '공포 도전팀',     1, '함께 방탈출 하실 분 구합니다!', TO_DATE('2026-03-30 14:16:14','YYYY-MM-DD HH24:MI:SS')); -- P=3
Insert into PARTY (PARTY_ID, USER_ID, PARTY_NAME, GENDER_ID, MESSAGE, CREATED_AT)
  values (PARTY_SEQ.NEXTVAL, 9,  '감성테마',         1, '함께 방탈출 하실 분 구합니다!', TO_DATE('2026-04-01 14:05:57','YYYY-MM-DD HH24:MI:SS')); -- P=4
Insert into PARTY (PARTY_ID, USER_ID, PARTY_NAME, GENDER_ID, MESSAGE, CREATED_AT)
  values (PARTY_SEQ.NEXTVAL, 19, '스릴러 정복단',   0, '함께 방탈출 하실 분 구합니다!', TO_DATE('2026-04-20 13:55:50','YYYY-MM-DD HH24:MI:SS')); -- P=5
Insert into PARTY (PARTY_ID, USER_ID, PARTY_NAME, GENDER_ID, MESSAGE, CREATED_AT)
  values (PARTY_SEQ.NEXTVAL, 8,  '초보 환영',        1, '함께 방탈출 하실 분 구합니다!', TO_DATE('2026-05-12 14:28:20','YYYY-MM-DD HH24:MI:SS')); -- P=6
Insert into PARTY (PARTY_ID, USER_ID, PARTY_NAME, GENDER_ID, MESSAGE, CREATED_AT)
  values (PARTY_SEQ.NEXTVAL, 16, '스릴러 정복단',   1, '함께 방탈출 하실 분 구합니다!', TO_DATE('2026-05-18 13:10:45','YYYY-MM-DD HH24:MI:SS')); -- P=7
Insert into PARTY (PARTY_ID, USER_ID, PARTY_NAME, GENDER_ID, MESSAGE, CREATED_AT)
  values (PARTY_SEQ.NEXTVAL, 15, '초보 환영',        0, '함께 방탈출 하실 분 구합니다!', TO_DATE('2026-05-19 21:22:49','YYYY-MM-DD HH24:MI:SS')); -- P=8
-- 미래 연결 파티
Insert into PARTY (PARTY_ID, USER_ID, PARTY_NAME, GENDER_ID, MESSAGE, CREATED_AT)
  values (PARTY_SEQ.NEXTVAL, 5,  '입문자 모임',     1, '함께 방탈출 하실 분 구합니다!', TO_DATE('2026-06-01 02:07:26','YYYY-MM-DD HH24:MI:SS')); -- P=9
Insert into PARTY (PARTY_ID, USER_ID, PARTY_NAME, GENDER_ID, MESSAGE, CREATED_AT)
  values (PARTY_SEQ.NEXTVAL, 10, '같이 탈출해요',   0, '함께 방탈출 하실 분 구합니다!', TO_DATE('2026-06-01 09:16:45','YYYY-MM-DD HH24:MI:SS')); -- P=10
Insert into PARTY (PARTY_ID, USER_ID, PARTY_NAME, GENDER_ID, MESSAGE, CREATED_AT)
  values (PARTY_SEQ.NEXTVAL, 4,  '감성테마',         1, '함께 방탈출 하실 분 구합니다!', TO_DATE('2026-06-02 12:26:26','YYYY-MM-DD HH24:MI:SS')); -- P=11
Insert into PARTY (PARTY_ID, USER_ID, PARTY_NAME, GENDER_ID, MESSAGE, CREATED_AT)
  values (PARTY_SEQ.NEXTVAL, 18, '스릴러 정복단',   1, '함께 방탈출 하실 분 구합니다!', TO_DATE('2026-06-03 14:21:26','YYYY-MM-DD HH24:MI:SS')); -- P=12
Insert into PARTY (PARTY_ID, USER_ID, PARTY_NAME, GENDER_ID, MESSAGE, CREATED_AT)
  values (PARTY_SEQ.NEXTVAL, 2,  '주말 방탈출',     0, '함께 방탈출 하실 분 구합니다!', TO_DATE('2026-06-04 05:09:32','YYYY-MM-DD HH24:MI:SS')); -- P=13
-- 모집 중 파티 (PARTY_ROOM 없음)
Insert into PARTY (PARTY_ID, USER_ID, PARTY_NAME, GENDER_ID, MESSAGE, CREATED_AT)
  values (PARTY_SEQ.NEXTVAL, 12, '공포 도전팀',     1, '함께 방탈출 하실 분 구합니다!', TO_DATE('2026-06-04 15:29:12','YYYY-MM-DD HH24:MI:SS')); -- P=14
Insert into PARTY (PARTY_ID, USER_ID, PARTY_NAME, GENDER_ID, MESSAGE, CREATED_AT)
  values (PARTY_SEQ.NEXTVAL, 19, '감성테마',         1, '함께 방탈출 하실 분 구합니다!', TO_DATE('2026-06-05 09:01:51','YYYY-MM-DD HH24:MI:SS')); -- P=15
Insert into PARTY (PARTY_ID, USER_ID, PARTY_NAME, GENDER_ID, MESSAGE, CREATED_AT)
  values (PARTY_SEQ.NEXTVAL, 20, '공포 도전팀',     0, '함께 방탈출 하실 분 구합니다!', TO_DATE('2026-06-05 10:52:59','YYYY-MM-DD HH24:MI:SS')); -- P=16

select *
from PARTY_APPLY;
-- =====================================================
-- PARTY_APPLY (파티 생성 당일 ~ +3일)
-- =====================================================
-- P1 (방장20)
Insert into PARTY_APPLY (APPLY_ID, PARTY_ID, USER_ID, APPLY_MESSAGE, CREATED_AT) values (PARTY_APPLY_SEQ.NEXTVAL, 1, 20, '방장입니다. 잘 부탁드려요.', TO_DATE('2026-03-10 07:46:52','YYYY-MM-DD HH24:MI:SS')); -- A=1
Insert into PARTY_APPLY (APPLY_ID, PARTY_ID, USER_ID, APPLY_MESSAGE, CREATED_AT) values (PARTY_APPLY_SEQ.NEXTVAL, 1, 11, '참여하고 싶습니다!',          TO_DATE('2026-03-10 19:07:35','YYYY-MM-DD HH24:MI:SS')); -- A=2
Insert into PARTY_APPLY (APPLY_ID, PARTY_ID, USER_ID, APPLY_MESSAGE, CREATED_AT) values (PARTY_APPLY_SEQ.NEXTVAL, 1, 12, '참여하고 싶습니다!',          TO_DATE('2026-03-11 03:26:55','YYYY-MM-DD HH24:MI:SS')); -- A=3
-- P2 (방장17)
Insert into PARTY_APPLY (APPLY_ID, PARTY_ID, USER_ID, APPLY_MESSAGE, CREATED_AT) values (PARTY_APPLY_SEQ.NEXTVAL, 2, 17, '방장입니다. 잘 부탁드려요.', TO_DATE('2026-03-11 01:42:35','YYYY-MM-DD HH24:MI:SS')); -- A=4
Insert into PARTY_APPLY (APPLY_ID, PARTY_ID, USER_ID, APPLY_MESSAGE, CREATED_AT) values (PARTY_APPLY_SEQ.NEXTVAL, 2, 14, '참여하고 싶습니다!',          TO_DATE('2026-03-12 05:00:03','YYYY-MM-DD HH24:MI:SS')); -- A=5
Insert into PARTY_APPLY (APPLY_ID, PARTY_ID, USER_ID, APPLY_MESSAGE, CREATED_AT) values (PARTY_APPLY_SEQ.NEXTVAL, 2, 13, '참여하고 싶습니다!',          TO_DATE('2026-03-11 12:39:29','YYYY-MM-DD HH24:MI:SS')); -- A=6
Insert into PARTY_APPLY (APPLY_ID, PARTY_ID, USER_ID, APPLY_MESSAGE, CREATED_AT) values (PARTY_APPLY_SEQ.NEXTVAL, 2, 7,  '참여하고 싶습니다!',          TO_DATE('2026-03-12 03:29:07','YYYY-MM-DD HH24:MI:SS')); -- A=7
-- P3 (방장2)
Insert into PARTY_APPLY (APPLY_ID, PARTY_ID, USER_ID, APPLY_MESSAGE, CREATED_AT) values (PARTY_APPLY_SEQ.NEXTVAL, 3, 2,  '방장입니다. 잘 부탁드려요.', TO_DATE('2026-03-30 14:31:13','YYYY-MM-DD HH24:MI:SS')); -- A=8
Insert into PARTY_APPLY (APPLY_ID, PARTY_ID, USER_ID, APPLY_MESSAGE, CREATED_AT) values (PARTY_APPLY_SEQ.NEXTVAL, 3, 7,  '참여하고 싶습니다!',          TO_DATE('2026-03-31 13:19:06','YYYY-MM-DD HH24:MI:SS')); -- A=9
Insert into PARTY_APPLY (APPLY_ID, PARTY_ID, USER_ID, APPLY_MESSAGE, CREATED_AT) values (PARTY_APPLY_SEQ.NEXTVAL, 3, 5,  '참여하고 싶습니다!',          TO_DATE('2026-03-31 12:17:30','YYYY-MM-DD HH24:MI:SS')); -- A=10
-- P4 (방장9)
Insert into PARTY_APPLY (APPLY_ID, PARTY_ID, USER_ID, APPLY_MESSAGE, CREATED_AT) values (PARTY_APPLY_SEQ.NEXTVAL, 4, 9,  '방장입니다. 잘 부탁드려요.', TO_DATE('2026-04-01 14:13:03','YYYY-MM-DD HH24:MI:SS')); -- A=11
Insert into PARTY_APPLY (APPLY_ID, PARTY_ID, USER_ID, APPLY_MESSAGE, CREATED_AT) values (PARTY_APPLY_SEQ.NEXTVAL, 4, 5,  '참여하고 싶습니다!',          TO_DATE('2026-04-02 15:47:21','YYYY-MM-DD HH24:MI:SS')); -- A=12
-- P5 (방장19)
Insert into PARTY_APPLY (APPLY_ID, PARTY_ID, USER_ID, APPLY_MESSAGE, CREATED_AT) values (PARTY_APPLY_SEQ.NEXTVAL, 5, 19, '방장입니다. 잘 부탁드려요.', TO_DATE('2026-04-20 14:13:02','YYYY-MM-DD HH24:MI:SS')); -- A=13
Insert into PARTY_APPLY (APPLY_ID, PARTY_ID, USER_ID, APPLY_MESSAGE, CREATED_AT) values (PARTY_APPLY_SEQ.NEXTVAL, 5, 17, '참여하고 싶습니다!',          TO_DATE('2026-04-21 21:44:46','YYYY-MM-DD HH24:MI:SS')); -- A=14
Insert into PARTY_APPLY (APPLY_ID, PARTY_ID, USER_ID, APPLY_MESSAGE, CREATED_AT) values (PARTY_APPLY_SEQ.NEXTVAL, 5, 7,  '참여하고 싶습니다!',          TO_DATE('2026-04-21 07:15:52','YYYY-MM-DD HH24:MI:SS')); -- A=15
Insert into PARTY_APPLY (APPLY_ID, PARTY_ID, USER_ID, APPLY_MESSAGE, CREATED_AT) values (PARTY_APPLY_SEQ.NEXTVAL, 5, 13, '참여하고 싶습니다!',          TO_DATE('2026-04-21 14:33:01','YYYY-MM-DD HH24:MI:SS')); -- A=16
-- P6 (방장8)
Insert into PARTY_APPLY (APPLY_ID, PARTY_ID, USER_ID, APPLY_MESSAGE, CREATED_AT) values (PARTY_APPLY_SEQ.NEXTVAL, 6, 8,  '방장입니다. 잘 부탁드려요.', TO_DATE('2026-05-12 14:47:40','YYYY-MM-DD HH24:MI:SS')); -- A=17
Insert into PARTY_APPLY (APPLY_ID, PARTY_ID, USER_ID, APPLY_MESSAGE, CREATED_AT) values (PARTY_APPLY_SEQ.NEXTVAL, 6, 6,  '참여하고 싶습니다!',          TO_DATE('2026-05-13 22:49:04','YYYY-MM-DD HH24:MI:SS')); -- A=18
-- P7 (방장16)
Insert into PARTY_APPLY (APPLY_ID, PARTY_ID, USER_ID, APPLY_MESSAGE, CREATED_AT) values (PARTY_APPLY_SEQ.NEXTVAL, 7, 16, '방장입니다. 잘 부탁드려요.', TO_DATE('2026-05-18 13:24:41','YYYY-MM-DD HH24:MI:SS')); -- A=19
Insert into PARTY_APPLY (APPLY_ID, PARTY_ID, USER_ID, APPLY_MESSAGE, CREATED_AT) values (PARTY_APPLY_SEQ.NEXTVAL, 7, 12, '참여하고 싶습니다!',          TO_DATE('2026-05-18 20:31:00','YYYY-MM-DD HH24:MI:SS')); -- A=20
Insert into PARTY_APPLY (APPLY_ID, PARTY_ID, USER_ID, APPLY_MESSAGE, CREATED_AT) values (PARTY_APPLY_SEQ.NEXTVAL, 7, 19, '참여하고 싶습니다!',          TO_DATE('2026-05-19 00:42:11','YYYY-MM-DD HH24:MI:SS')); -- A=21
Insert into PARTY_APPLY (APPLY_ID, PARTY_ID, USER_ID, APPLY_MESSAGE, CREATED_AT) values (PARTY_APPLY_SEQ.NEXTVAL, 7, 2,  '참여하고 싶습니다!',          TO_DATE('2026-05-19 09:28:43','YYYY-MM-DD HH24:MI:SS')); -- A=22 (킥당할 멤버)
Insert into PARTY_APPLY (APPLY_ID, PARTY_ID, USER_ID, APPLY_MESSAGE, CREATED_AT) values (PARTY_APPLY_SEQ.NEXTVAL, 7, 11, '참여하고 싶습니다!',          TO_DATE('2026-05-19 15:47:45','YYYY-MM-DD HH24:MI:SS')); -- A=23
-- P8 (방장15)
Insert into PARTY_APPLY (APPLY_ID, PARTY_ID, USER_ID, APPLY_MESSAGE, CREATED_AT) values (PARTY_APPLY_SEQ.NEXTVAL, 8, 15, '방장입니다. 잘 부탁드려요.', TO_DATE('2026-05-19 21:23:24','YYYY-MM-DD HH24:MI:SS')); -- A=24
Insert into PARTY_APPLY (APPLY_ID, PARTY_ID, USER_ID, APPLY_MESSAGE, CREATED_AT) values (PARTY_APPLY_SEQ.NEXTVAL, 8, 6,  '참여하고 싶습니다!',          TO_DATE('2026-05-21 04:03:59','YYYY-MM-DD HH24:MI:SS')); -- A=25
Insert into PARTY_APPLY (APPLY_ID, PARTY_ID, USER_ID, APPLY_MESSAGE, CREATED_AT) values (PARTY_APPLY_SEQ.NEXTVAL, 8, 14, '참여하고 싶습니다!',          TO_DATE('2026-05-21 17:31:57','YYYY-MM-DD HH24:MI:SS')); -- A=26
-- P9~13 (미래)
Insert into PARTY_APPLY (APPLY_ID, PARTY_ID, USER_ID, APPLY_MESSAGE, CREATED_AT) values (PARTY_APPLY_SEQ.NEXTVAL, 9, 5,  '방장입니다. 잘 부탁드려요.', TO_DATE('2026-06-01 02:16:47','YYYY-MM-DD HH24:MI:SS')); -- A=27
Insert into PARTY_APPLY (APPLY_ID, PARTY_ID, USER_ID, APPLY_MESSAGE, CREATED_AT) values (PARTY_APPLY_SEQ.NEXTVAL, 9, 18, '참여하고 싶습니다!',          TO_DATE('2026-06-01 12:52:29','YYYY-MM-DD HH24:MI:SS')); -- A=28
Insert into PARTY_APPLY (APPLY_ID, PARTY_ID, USER_ID, APPLY_MESSAGE, CREATED_AT) values (PARTY_APPLY_SEQ.NEXTVAL, 9, 13, '참여하고 싶습니다!',          TO_DATE('2026-06-02 09:53:15','YYYY-MM-DD HH24:MI:SS')); -- A=29
Insert into PARTY_APPLY (APPLY_ID, PARTY_ID, USER_ID, APPLY_MESSAGE, CREATED_AT) values (PARTY_APPLY_SEQ.NEXTVAL, 10, 10, '방장입니다. 잘 부탁드려요.', TO_DATE('2026-06-01 09:27:59','YYYY-MM-DD HH24:MI:SS')); -- A=30
Insert into PARTY_APPLY (APPLY_ID, PARTY_ID, USER_ID, APPLY_MESSAGE, CREATED_AT) values (PARTY_APPLY_SEQ.NEXTVAL, 10, 13, '참여하고 싶습니다!',          TO_DATE('2026-06-02 23:59:19','YYYY-MM-DD HH24:MI:SS')); -- A=31
Insert into PARTY_APPLY (APPLY_ID, PARTY_ID, USER_ID, APPLY_MESSAGE, CREATED_AT) values (PARTY_APPLY_SEQ.NEXTVAL, 10, 16, '참여하고 싶습니다!',          TO_DATE('2026-06-03 21:20:38','YYYY-MM-DD HH24:MI:SS')); -- A=32
Insert into PARTY_APPLY (APPLY_ID, PARTY_ID, USER_ID, APPLY_MESSAGE, CREATED_AT) values (PARTY_APPLY_SEQ.NEXTVAL, 10, 17, '참여하고 싶습니다!',          TO_DATE('2026-06-02 14:03:01','YYYY-MM-DD HH24:MI:SS')); -- A=33
Insert into PARTY_APPLY (APPLY_ID, PARTY_ID, USER_ID, APPLY_MESSAGE, CREATED_AT) values (PARTY_APPLY_SEQ.NEXTVAL, 11, 4,  '방장입니다. 잘 부탁드려요.', TO_DATE('2026-06-02 12:49:22','YYYY-MM-DD HH24:MI:SS')); -- A=34
Insert into PARTY_APPLY (APPLY_ID, PARTY_ID, USER_ID, APPLY_MESSAGE, CREATED_AT) values (PARTY_APPLY_SEQ.NEXTVAL, 11, 15, '참여하고 싶습니다!',          TO_DATE('2026-06-03 13:16:40','YYYY-MM-DD HH24:MI:SS')); -- A=35
Insert into PARTY_APPLY (APPLY_ID, PARTY_ID, USER_ID, APPLY_MESSAGE, CREATED_AT) values (PARTY_APPLY_SEQ.NEXTVAL, 12, 18, '방장입니다. 잘 부탁드려요.', TO_DATE('2026-06-03 14:34:11','YYYY-MM-DD HH24:MI:SS')); -- A=36
Insert into PARTY_APPLY (APPLY_ID, PARTY_ID, USER_ID, APPLY_MESSAGE, CREATED_AT) values (PARTY_APPLY_SEQ.NEXTVAL, 12, 2,  '참여하고 싶습니다!',          TO_DATE('2026-06-04 23:14:58','YYYY-MM-DD HH24:MI:SS')); -- A=37
Insert into PARTY_APPLY (APPLY_ID, PARTY_ID, USER_ID, APPLY_MESSAGE, CREATED_AT) values (PARTY_APPLY_SEQ.NEXTVAL, 12, 5,  '참여하고 싶습니다!',          TO_DATE('2026-06-04 03:04:49','YYYY-MM-DD HH24:MI:SS')); -- A=38
Insert into PARTY_APPLY (APPLY_ID, PARTY_ID, USER_ID, APPLY_MESSAGE, CREATED_AT) values (PARTY_APPLY_SEQ.NEXTVAL, 13, 2,  '방장입니다. 잘 부탁드려요.', TO_DATE('2026-06-04 05:09:36','YYYY-MM-DD HH24:MI:SS')); -- A=39
Insert into PARTY_APPLY (APPLY_ID, PARTY_ID, USER_ID, APPLY_MESSAGE, CREATED_AT) values (PARTY_APPLY_SEQ.NEXTVAL, 13, 14, '참여하고 싶습니다!',          TO_DATE('2026-06-04 18:38:00','YYYY-MM-DD HH24:MI:SS')); -- A=40
Insert into PARTY_APPLY (APPLY_ID, PARTY_ID, USER_ID, APPLY_MESSAGE, CREATED_AT) values (PARTY_APPLY_SEQ.NEXTVAL, 13, 13, '참여하고 싶습니다!',          TO_DATE('2026-06-04 23:36:58','YYYY-MM-DD HH24:MI:SS')); -- A=41
-- P14~16 (모집 중)
Insert into PARTY_APPLY (APPLY_ID, PARTY_ID, USER_ID, APPLY_MESSAGE, CREATED_AT) values (PARTY_APPLY_SEQ.NEXTVAL, 14, 12, '방장입니다. 잘 부탁드려요.', TO_DATE('2026-06-04 15:32:02','YYYY-MM-DD HH24:MI:SS')); -- A=42
Insert into PARTY_APPLY (APPLY_ID, PARTY_ID, USER_ID, APPLY_MESSAGE, CREATED_AT) values (PARTY_APPLY_SEQ.NEXTVAL, 14, 19, '참여하고 싶습니다!',          TO_DATE('2026-06-05 07:08:45','YYYY-MM-DD HH24:MI:SS')); -- A=43
Insert into PARTY_APPLY (APPLY_ID, PARTY_ID, USER_ID, APPLY_MESSAGE, CREATED_AT) values (PARTY_APPLY_SEQ.NEXTVAL, 15, 19, '방장입니다. 잘 부탁드려요.', TO_DATE('2026-06-05 09:10:00','YYYY-MM-DD HH24:MI:SS')); -- A=44
Insert into PARTY_APPLY (APPLY_ID, PARTY_ID, USER_ID, APPLY_MESSAGE, CREATED_AT) values (PARTY_APPLY_SEQ.NEXTVAL, 16, 20, '방장입니다. 잘 부탁드려요.', TO_DATE('2026-06-05 11:00:00','YYYY-MM-DD HH24:MI:SS')); -- A=45
Insert into PARTY_APPLY (APPLY_ID, PARTY_ID, USER_ID, APPLY_MESSAGE, CREATED_AT) values (PARTY_APPLY_SEQ.NEXTVAL, 16, 7,  '참여하고 싶습니다!',          TO_DATE('2026-06-05 14:22:00','YYYY-MM-DD HH24:MI:SS')); -- A=46

select *
from party_member;
-- =====================================================
-- PARTY_MEMBER (APPLY 당일~다음날)
-- 과거 완료(P1~8): READY_AT = OPEN_AT 당일
-- 미래/모집(P9~16): READY_AT NULL
-- =====================================================
-- P1 멤버 (OPEN_AT=2026-03-22)
Insert into PARTY_MEMBER (MEMBER_ID, APPLY_ID, READY_AT, JOINED_AT) values (PARTY_MEMBER_SEQ.NEXTVAL, 1,  TO_DATE('2026-03-22 15:50:00','YYYY-MM-DD HH24:MI:SS'), TO_DATE('2026-03-10 07:53:59','YYYY-MM-DD HH24:MI:SS')); -- M=1
Insert into PARTY_MEMBER (MEMBER_ID, APPLY_ID, READY_AT, JOINED_AT) values (PARTY_MEMBER_SEQ.NEXTVAL, 2,  TO_DATE('2026-03-22 15:55:00','YYYY-MM-DD HH24:MI:SS'), TO_DATE('2026-03-10 22:59:12','YYYY-MM-DD HH24:MI:SS')); -- M=2
Insert into PARTY_MEMBER (MEMBER_ID, APPLY_ID, READY_AT, JOINED_AT) values (PARTY_MEMBER_SEQ.NEXTVAL, 3,  TO_DATE('2026-03-22 15:58:00','YYYY-MM-DD HH24:MI:SS'), TO_DATE('2026-03-11 08:02:46','YYYY-MM-DD HH24:MI:SS')); -- M=3
-- P2 멤버 (OPEN_AT=2026-03-20)
Insert into PARTY_MEMBER (MEMBER_ID, APPLY_ID, READY_AT, JOINED_AT) values (PARTY_MEMBER_SEQ.NEXTVAL, 4,  TO_DATE('2026-03-20 13:50:00','YYYY-MM-DD HH24:MI:SS'), TO_DATE('2026-03-11 01:45:55','YYYY-MM-DD HH24:MI:SS')); -- M=4
Insert into PARTY_MEMBER (MEMBER_ID, APPLY_ID, READY_AT, JOINED_AT) values (PARTY_MEMBER_SEQ.NEXTVAL, 5,  TO_DATE('2026-03-20 13:55:00','YYYY-MM-DD HH24:MI:SS'), TO_DATE('2026-03-12 07:30:10','YYYY-MM-DD HH24:MI:SS')); -- M=5
Insert into PARTY_MEMBER (MEMBER_ID, APPLY_ID, READY_AT, JOINED_AT) values (PARTY_MEMBER_SEQ.NEXTVAL, 6,  TO_DATE('2026-03-20 13:57:00','YYYY-MM-DD HH24:MI:SS'), TO_DATE('2026-03-11 15:27:49','YYYY-MM-DD HH24:MI:SS')); -- M=6
Insert into PARTY_MEMBER (MEMBER_ID, APPLY_ID, READY_AT, JOINED_AT) values (PARTY_MEMBER_SEQ.NEXTVAL, 7,  TO_DATE('2026-03-20 13:59:00','YYYY-MM-DD HH24:MI:SS'), TO_DATE('2026-03-12 13:24:58','YYYY-MM-DD HH24:MI:SS')); -- M=7
-- P3 멤버 (OPEN_AT=2026-04-04 / 룸11배드타임)
Insert into PARTY_MEMBER (MEMBER_ID, APPLY_ID, READY_AT, JOINED_AT) values (PARTY_MEMBER_SEQ.NEXTVAL, 8,  TO_DATE('2026-04-04 13:55:00','YYYY-MM-DD HH24:MI:SS'), TO_DATE('2026-03-30 14:34:19','YYYY-MM-DD HH24:MI:SS')); -- M=8
Insert into PARTY_MEMBER (MEMBER_ID, APPLY_ID, READY_AT, JOINED_AT) values (PARTY_MEMBER_SEQ.NEXTVAL, 9,  TO_DATE('2026-04-04 13:58:00','YYYY-MM-DD HH24:MI:SS'), TO_DATE('2026-03-31 16:53:33','YYYY-MM-DD HH24:MI:SS')); -- M=9
Insert into PARTY_MEMBER (MEMBER_ID, APPLY_ID, READY_AT, JOINED_AT) values (PARTY_MEMBER_SEQ.NEXTVAL, 10, TO_DATE('2026-04-04 14:00:00','YYYY-MM-DD HH24:MI:SS'), TO_DATE('2026-03-31 18:23:06','YYYY-MM-DD HH24:MI:SS')); -- M=10
-- P4 멤버 (OPEN_AT=2026-04-25 / 룸7잉카)
Insert into PARTY_MEMBER (MEMBER_ID, APPLY_ID, READY_AT, JOINED_AT) values (PARTY_MEMBER_SEQ.NEXTVAL, 11, TO_DATE('2026-04-25 09:50:00','YYYY-MM-DD HH24:MI:SS'), TO_DATE('2026-04-01 14:20:03','YYYY-MM-DD HH24:MI:SS')); -- M=11
Insert into PARTY_MEMBER (MEMBER_ID, APPLY_ID, READY_AT, JOINED_AT) values (PARTY_MEMBER_SEQ.NEXTVAL, 12, TO_DATE('2026-04-25 09:55:00','YYYY-MM-DD HH24:MI:SS'), TO_DATE('2026-04-02 01:16:02','YYYY-MM-DD HH24:MI:SS')); -- M=12
-- P5 멤버 (OPEN_AT=2026-05-09 / 룸4비밀의가족)
Insert into PARTY_MEMBER (MEMBER_ID, APPLY_ID, READY_AT, JOINED_AT) values (PARTY_MEMBER_SEQ.NEXTVAL, 13, TO_DATE('2026-05-09 13:55:00','YYYY-MM-DD HH24:MI:SS'), TO_DATE('2026-04-20 14:17:30','YYYY-MM-DD HH24:MI:SS')); -- M=13
Insert into PARTY_MEMBER (MEMBER_ID, APPLY_ID, READY_AT, JOINED_AT) values (PARTY_MEMBER_SEQ.NEXTVAL, 14, TO_DATE('2026-05-09 13:58:00','YYYY-MM-DD HH24:MI:SS'), TO_DATE('2026-04-22 06:29:59','YYYY-MM-DD HH24:MI:SS')); -- M=14
Insert into PARTY_MEMBER (MEMBER_ID, APPLY_ID, READY_AT, JOINED_AT) values (PARTY_MEMBER_SEQ.NEXTVAL, 15, TO_DATE('2026-05-09 14:00:00','YYYY-MM-DD HH24:MI:SS'), TO_DATE('2026-04-21 12:17:50','YYYY-MM-DD HH24:MI:SS')); -- M=15
Insert into PARTY_MEMBER (MEMBER_ID, APPLY_ID, READY_AT, JOINED_AT) values (PARTY_MEMBER_SEQ.NEXTVAL, 16, TO_DATE('2026-05-09 14:02:00','YYYY-MM-DD HH24:MI:SS'), TO_DATE('2026-04-21 14:55:37','YYYY-MM-DD HH24:MI:SS')); -- M=16
-- P6 멤버 (OPEN_AT=2026-05-17 / 룸5파리82)
Insert into PARTY_MEMBER (MEMBER_ID, APPLY_ID, READY_AT, JOINED_AT) values (PARTY_MEMBER_SEQ.NEXTVAL, 17, TO_DATE('2026-05-17 11:50:00','YYYY-MM-DD HH24:MI:SS'), TO_DATE('2026-05-12 14:56:00','YYYY-MM-DD HH24:MI:SS')); -- M=17
Insert into PARTY_MEMBER (MEMBER_ID, APPLY_ID, READY_AT, JOINED_AT) values (PARTY_MEMBER_SEQ.NEXTVAL, 18, TO_DATE('2026-05-17 11:55:00','YYYY-MM-DD HH24:MI:SS'), TO_DATE('2026-05-14 02:37:03','YYYY-MM-DD HH24:MI:SS')); -- M=18
-- P7 멤버 (OPEN_AT=2026-05-16 / 룸11배드타임 → 드롭됐으므로 룸41로 → 실제 RES=41 OPEN_AT=2026-05-16)
Insert into PARTY_MEMBER (MEMBER_ID, APPLY_ID, READY_AT, JOINED_AT) values (PARTY_MEMBER_SEQ.NEXTVAL, 19, TO_DATE('2026-05-16 09:52:00','YYYY-MM-DD HH24:MI:SS'), TO_DATE('2026-05-18 13:32:30','YYYY-MM-DD HH24:MI:SS')); -- M=19
Insert into PARTY_MEMBER (MEMBER_ID, APPLY_ID, READY_AT, JOINED_AT) values (PARTY_MEMBER_SEQ.NEXTVAL, 20, TO_DATE('2026-05-16 09:55:00','YYYY-MM-DD HH24:MI:SS'), TO_DATE('2026-05-18 22:10:25','YYYY-MM-DD HH24:MI:SS')); -- M=20
Insert into PARTY_MEMBER (MEMBER_ID, APPLY_ID, READY_AT, JOINED_AT) values (PARTY_MEMBER_SEQ.NEXTVAL, 21, TO_DATE('2026-05-16 09:57:00','YYYY-MM-DD HH24:MI:SS'), TO_DATE('2026-05-19 06:32:36','YYYY-MM-DD HH24:MI:SS')); -- M=21
Insert into PARTY_MEMBER (MEMBER_ID, APPLY_ID, READY_AT, JOINED_AT) values (PARTY_MEMBER_SEQ.NEXTVAL, 22, NULL,                                                    TO_DATE('2026-05-19 17:33:56','YYYY-MM-DD HH24:MI:SS')); -- M=22 (킥당함)
Insert into PARTY_MEMBER (MEMBER_ID, APPLY_ID, READY_AT, JOINED_AT) values (PARTY_MEMBER_SEQ.NEXTVAL, 23, TO_DATE('2026-05-16 09:59:00','YYYY-MM-DD HH24:MI:SS'), TO_DATE('2026-05-19 14:48:33','YYYY-MM-DD HH24:MI:SS')); -- M=23
-- P8 멤버 (OPEN_AT=2026-05-31 / 룸2 4SUM1)
Insert into PARTY_MEMBER (MEMBER_ID, APPLY_ID, READY_AT, JOINED_AT) values (PARTY_MEMBER_SEQ.NEXTVAL, 24, TO_DATE('2026-05-31 09:58:00','YYYY-MM-DD HH24:MI:SS'), TO_DATE('2026-05-19 21:27:27','YYYY-MM-DD HH24:MI:SS')); -- M=24
Insert into PARTY_MEMBER (MEMBER_ID, APPLY_ID, READY_AT, JOINED_AT) values (PARTY_MEMBER_SEQ.NEXTVAL, 25, TO_DATE('2026-05-31 10:00:00','YYYY-MM-DD HH24:MI:SS'), TO_DATE('2026-05-21 09:12:38','YYYY-MM-DD HH24:MI:SS')); -- M=25
Insert into PARTY_MEMBER (MEMBER_ID, APPLY_ID, READY_AT, JOINED_AT) values (PARTY_MEMBER_SEQ.NEXTVAL, 26, TO_DATE('2026-05-31 10:02:00','YYYY-MM-DD HH24:MI:SS'), TO_DATE('2026-05-22 04:09:00','YYYY-MM-DD HH24:MI:SS')); -- M=26
-- P9~13 미래 (READY_AT NULL)
Insert into PARTY_MEMBER (MEMBER_ID, APPLY_ID, READY_AT, JOINED_AT) values (PARTY_MEMBER_SEQ.NEXTVAL, 27, NULL, TO_DATE('2026-06-01 02:21:46','YYYY-MM-DD HH24:MI:SS')); -- M=27
Insert into PARTY_MEMBER (MEMBER_ID, APPLY_ID, READY_AT, JOINED_AT) values (PARTY_MEMBER_SEQ.NEXTVAL, 28, NULL, TO_DATE('2026-06-01 12:58:00','YYYY-MM-DD HH24:MI:SS')); -- M=28
Insert into PARTY_MEMBER (MEMBER_ID, APPLY_ID, READY_AT, JOINED_AT) values (PARTY_MEMBER_SEQ.NEXTVAL, 29, NULL, TO_DATE('2026-06-02 10:00:00','YYYY-MM-DD HH24:MI:SS')); -- M=29
Insert into PARTY_MEMBER (MEMBER_ID, APPLY_ID, READY_AT, JOINED_AT) values (PARTY_MEMBER_SEQ.NEXTVAL, 30, NULL, TO_DATE('2026-06-01 09:37:44','YYYY-MM-DD HH24:MI:SS')); -- M=30
Insert into PARTY_MEMBER (MEMBER_ID, APPLY_ID, READY_AT, JOINED_AT) values (PARTY_MEMBER_SEQ.NEXTVAL, 31, NULL, TO_DATE('2026-06-03 08:49:05','YYYY-MM-DD HH24:MI:SS')); -- M=31
Insert into PARTY_MEMBER (MEMBER_ID, APPLY_ID, READY_AT, JOINED_AT) values (PARTY_MEMBER_SEQ.NEXTVAL, 32, NULL, TO_DATE('2026-06-04 01:48:13','YYYY-MM-DD HH24:MI:SS')); -- M=32
Insert into PARTY_MEMBER (MEMBER_ID, APPLY_ID, READY_AT, JOINED_AT) values (PARTY_MEMBER_SEQ.NEXTVAL, 33, NULL, TO_DATE('2026-06-03 14:17:30','YYYY-MM-DD HH24:MI:SS')); -- M=33
Insert into PARTY_MEMBER (MEMBER_ID, APPLY_ID, READY_AT, JOINED_AT) values (PARTY_MEMBER_SEQ.NEXTVAL, 34, NULL, TO_DATE('2026-06-02 12:49:54','YYYY-MM-DD HH24:MI:SS')); -- M=34
Insert into PARTY_MEMBER (MEMBER_ID, APPLY_ID, READY_AT, JOINED_AT) values (PARTY_MEMBER_SEQ.NEXTVAL, 35, NULL, TO_DATE('2026-06-03 14:46:04','YYYY-MM-DD HH24:MI:SS')); -- M=35
Insert into PARTY_MEMBER (MEMBER_ID, APPLY_ID, READY_AT, JOINED_AT) values (PARTY_MEMBER_SEQ.NEXTVAL, 36, NULL, TO_DATE('2026-06-03 14:42:51','YYYY-MM-DD HH24:MI:SS')); -- M=36
Insert into PARTY_MEMBER (MEMBER_ID, APPLY_ID, READY_AT, JOINED_AT) values (PARTY_MEMBER_SEQ.NEXTVAL, 37, NULL, TO_DATE('2026-06-05 05:00:36','YYYY-MM-DD HH24:MI:SS')); -- M=37
Insert into PARTY_MEMBER (MEMBER_ID, APPLY_ID, READY_AT, JOINED_AT) values (PARTY_MEMBER_SEQ.NEXTVAL, 38, NULL, TO_DATE('2026-06-04 08:28:49','YYYY-MM-DD HH24:MI:SS')); -- M=38
Insert into PARTY_MEMBER (MEMBER_ID, APPLY_ID, READY_AT, JOINED_AT) values (PARTY_MEMBER_SEQ.NEXTVAL, 39, NULL, TO_DATE('2026-06-04 05:17:58','YYYY-MM-DD HH24:MI:SS')); -- M=39
Insert into PARTY_MEMBER (MEMBER_ID, APPLY_ID, READY_AT, JOINED_AT) values (PARTY_MEMBER_SEQ.NEXTVAL, 40, NULL, TO_DATE('2026-06-05 06:06:19','YYYY-MM-DD HH24:MI:SS')); -- M=40
Insert into PARTY_MEMBER (MEMBER_ID, APPLY_ID, READY_AT, JOINED_AT) values (PARTY_MEMBER_SEQ.NEXTVAL, 41, NULL, TO_DATE('2026-06-05 04:36:21','YYYY-MM-DD HH24:MI:SS')); -- M=41
-- P14~16 모집 중
Insert into PARTY_MEMBER (MEMBER_ID, APPLY_ID, READY_AT, JOINED_AT) values (PARTY_MEMBER_SEQ.NEXTVAL, 42, NULL, TO_DATE('2026-06-04 15:36:39','YYYY-MM-DD HH24:MI:SS')); -- M=42
Insert into PARTY_MEMBER (MEMBER_ID, APPLY_ID, READY_AT, JOINED_AT) values (PARTY_MEMBER_SEQ.NEXTVAL, 43, NULL, TO_DATE('2026-06-05 07:15:00','YYYY-MM-DD HH24:MI:SS')); -- M=43
Insert into PARTY_MEMBER (MEMBER_ID, APPLY_ID, READY_AT, JOINED_AT) values (PARTY_MEMBER_SEQ.NEXTVAL, 44, NULL, TO_DATE('2026-06-05 09:12:00','YYYY-MM-DD HH24:MI:SS')); -- M=44
Insert into PARTY_MEMBER (MEMBER_ID, APPLY_ID, READY_AT, JOINED_AT) values (PARTY_MEMBER_SEQ.NEXTVAL, 45, NULL, TO_DATE('2026-06-05 11:05:00','YYYY-MM-DD HH24:MI:SS')); -- M=45
Insert into PARTY_MEMBER (MEMBER_ID, APPLY_ID, READY_AT, JOINED_AT) values (PARTY_MEMBER_SEQ.NEXTVAL, 46, NULL, TO_DATE('2026-06-05 14:30:00','YYYY-MM-DD HH24:MI:SS')); -- M=46

select *
from PARTY_KICK;
-- =====================================================
-- PARTY_KICK (OPEN_AT 이전 발생)
-- M=22 (P7의 user2): 킥
-- =====================================================
Insert into PARTY_KICK (PARTY_KICK_ID, MEMBER_ID, CREATED_AT)
  values (PARTY_KICK_SEQ.NEXTVAL, 22, TO_DATE('2026-05-20 10:00:00','YYYY-MM-DD HH24:MI:SS'));

select *
from party_message;
-- =====================================================
-- PARTY_MESSAGE (파티 생성 이후 ~ OPEN_AT 이전)
-- =====================================================
Insert into PARTY_MESSAGE (MESSAGE_ID, PARTY_ID, CONTENT, USER_ID, CREATED_AT) values (PARTY_MESSAGE_SEQ.NEXTVAL, 1,  '처음인데 잘 부탁드려요', 12, TO_DATE('2026-03-11 11:36:30','YYYY-MM-DD HH24:MI:SS'));
Insert into PARTY_MESSAGE (MESSAGE_ID, PARTY_ID, CONTENT, USER_ID, CREATED_AT) values (PARTY_MESSAGE_SEQ.NEXTVAL, 1,  '좋아요 그때 봬요',       11, TO_DATE('2026-03-12 13:00:22','YYYY-MM-DD HH24:MI:SS'));
Insert into PARTY_MESSAGE (MESSAGE_ID, PARTY_ID, CONTENT, USER_ID, CREATED_AT) values (PARTY_MESSAGE_SEQ.NEXTVAL, 1,  '주차 되나요?',           20, TO_DATE('2026-03-14 18:56:08','YYYY-MM-DD HH24:MI:SS'));
Insert into PARTY_MESSAGE (MESSAGE_ID, PARTY_ID, CONTENT, USER_ID, CREATED_AT) values (PARTY_MESSAGE_SEQ.NEXTVAL, 2,  '난이도 어떤가요?',       13, TO_DATE('2026-03-12 08:39:31','YYYY-MM-DD HH24:MI:SS'));
Insert into PARTY_MESSAGE (MESSAGE_ID, PARTY_ID, CONTENT, USER_ID, CREATED_AT) values (PARTY_MESSAGE_SEQ.NEXTVAL, 2,  '처음인데 잘 부탁드려요', 7,  TO_DATE('2026-03-13 03:04:08','YYYY-MM-DD HH24:MI:SS'));
Insert into PARTY_MESSAGE (MESSAGE_ID, PARTY_ID, CONTENT, USER_ID, CREATED_AT) values (PARTY_MESSAGE_SEQ.NEXTVAL, 3,  '난이도 어떤가요?',       5,  TO_DATE('2026-03-31 18:25:37','YYYY-MM-DD HH24:MI:SS'));
Insert into PARTY_MESSAGE (MESSAGE_ID, PARTY_ID, CONTENT, USER_ID, CREATED_AT) values (PARTY_MESSAGE_SEQ.NEXTVAL, 3,  '기대되네요!',            2,  TO_DATE('2026-04-01 05:50:25','YYYY-MM-DD HH24:MI:SS'));
Insert into PARTY_MESSAGE (MESSAGE_ID, PARTY_ID, CONTENT, USER_ID, CREATED_AT) values (PARTY_MESSAGE_SEQ.NEXTVAL, 4,  '안녕하세요~',            9,  TO_DATE('2026-04-02 19:43:10','YYYY-MM-DD HH24:MI:SS'));
Insert into PARTY_MESSAGE (MESSAGE_ID, PARTY_ID, CONTENT, USER_ID, CREATED_AT) values (PARTY_MESSAGE_SEQ.NEXTVAL, 4,  '처음인데 잘 부탁드려요', 5,  TO_DATE('2026-04-03 20:34:40','YYYY-MM-DD HH24:MI:SS'));
Insert into PARTY_MESSAGE (MESSAGE_ID, PARTY_ID, CONTENT, USER_ID, CREATED_AT) values (PARTY_MESSAGE_SEQ.NEXTVAL, 5,  '안녕하세요~',            19, TO_DATE('2026-04-21 19:36:20','YYYY-MM-DD HH24:MI:SS'));
Insert into PARTY_MESSAGE (MESSAGE_ID, PARTY_ID, CONTENT, USER_ID, CREATED_AT) values (PARTY_MESSAGE_SEQ.NEXTVAL, 5,  '주차 되나요?',           17, TO_DATE('2026-04-22 22:48:49','YYYY-MM-DD HH24:MI:SS'));
Insert into PARTY_MESSAGE (MESSAGE_ID, PARTY_ID, CONTENT, USER_ID, CREATED_AT) values (PARTY_MESSAGE_SEQ.NEXTVAL, 6,  '좋아요 그때 봬요',       6,  TO_DATE('2026-05-13 20:19:46','YYYY-MM-DD HH24:MI:SS'));
Insert into PARTY_MESSAGE (MESSAGE_ID, PARTY_ID, CONTENT, USER_ID, CREATED_AT) values (PARTY_MESSAGE_SEQ.NEXTVAL, 6,  '기대되네요!',            8,  TO_DATE('2026-05-14 05:05:58','YYYY-MM-DD HH24:MI:SS'));
Insert into PARTY_MESSAGE (MESSAGE_ID, PARTY_ID, CONTENT, USER_ID, CREATED_AT) values (PARTY_MESSAGE_SEQ.NEXTVAL, 7,  '난이도 어떤가요?',       16, TO_DATE('2026-05-19 15:34:38','YYYY-MM-DD HH24:MI:SS'));
Insert into PARTY_MESSAGE (MESSAGE_ID, PARTY_ID, CONTENT, USER_ID, CREATED_AT) values (PARTY_MESSAGE_SEQ.NEXTVAL, 7,  '레디 눌렀습니다',        19, TO_DATE('2026-05-19 20:11:51','YYYY-MM-DD HH24:MI:SS'));
Insert into PARTY_MESSAGE (MESSAGE_ID, PARTY_ID, CONTENT, USER_ID, CREATED_AT) values (PARTY_MESSAGE_SEQ.NEXTVAL, 8,  '처음인데 잘 부탁드려요', 15, TO_DATE('2026-05-20 23:24:57','YYYY-MM-DD HH24:MI:SS'));
Insert into PARTY_MESSAGE (MESSAGE_ID, PARTY_ID, CONTENT, USER_ID, CREATED_AT) values (PARTY_MESSAGE_SEQ.NEXTVAL, 8,  '기대되네요!',            14, TO_DATE('2026-05-21 08:35:42','YYYY-MM-DD HH24:MI:SS'));
Insert into PARTY_MESSAGE (MESSAGE_ID, PARTY_ID, CONTENT, USER_ID, CREATED_AT) values (PARTY_MESSAGE_SEQ.NEXTVAL, 9,  '안녕하세요~',            18, TO_DATE('2026-06-01 18:32:10','YYYY-MM-DD HH24:MI:SS'));
Insert into PARTY_MESSAGE (MESSAGE_ID, PARTY_ID, CONTENT, USER_ID, CREATED_AT) values (PARTY_MESSAGE_SEQ.NEXTVAL, 10, '처음인데 잘 부탁드려요', 16, TO_DATE('2026-06-02 09:41:52','YYYY-MM-DD HH24:MI:SS'));
Insert into PARTY_MESSAGE (MESSAGE_ID, PARTY_ID, CONTENT, USER_ID, CREATED_AT) values (PARTY_MESSAGE_SEQ.NEXTVAL, 10, '언제 모이나요?',         10, TO_DATE('2026-06-03 15:35:40','YYYY-MM-DD HH24:MI:SS'));
Insert into PARTY_MESSAGE (MESSAGE_ID, PARTY_ID, CONTENT, USER_ID, CREATED_AT) values (PARTY_MESSAGE_SEQ.NEXTVAL, 11, '레디 눌렀습니다',        4,  TO_DATE('2026-06-03 13:50:10','YYYY-MM-DD HH24:MI:SS'));
Insert into PARTY_MESSAGE (MESSAGE_ID, PARTY_ID, CONTENT, USER_ID, CREATED_AT) values (PARTY_MESSAGE_SEQ.NEXTVAL, 12, '기대되네요!',            5,  TO_DATE('2026-06-04 18:32:10','YYYY-MM-DD HH24:MI:SS'));
Insert into PARTY_MESSAGE (MESSAGE_ID, PARTY_ID, CONTENT, USER_ID, CREATED_AT) values (PARTY_MESSAGE_SEQ.NEXTVAL, 13, '난이도 어떤가요?',       13, TO_DATE('2026-06-04 09:38:15','YYYY-MM-DD HH24:MI:SS'));

select *
from MESSAGE_DELETE;
-- =====================================================
-- MESSAGE_DELETE (메시지 작성 이후)
-- =====================================================
Insert into MESSAGE_DELETE (DELETE_ID, MESSAGE_ID, DELETED_AT)
  values (MESSAGE_DELETE_SEQ.NEXTVAL, 50, TO_DATE('2026-04-01 16:33:36','YYYY-MM-DD HH24:MI:SS'));
Insert into MESSAGE_DELETE (DELETE_ID, MESSAGE_ID, DELETED_AT)
  values (MESSAGE_DELETE_SEQ.NEXTVAL, 57, TO_DATE('2026-04-28 01:21:07','YYYY-MM-DD HH24:MI:SS'));

select *
from party_room;
-- =====================================================
-- PARTY_ROOM (PARTY 생성 후 ~ OPEN_AT 전)
-- P1 ← RES=8  (룸3오시리스, OPEN_AT=03-22)
-- P2 ← RES=1  (룸1접견,     OPEN_AT=03-20)
-- P3 ← RES=40 (룸11배드타임,OPEN_AT=04-04)
-- P4 ← RES=25 (룸7잉카,     OPEN_AT=04-26)
-- P5 ← RES=14 (룸4비밀의가족,OPEN_AT=05-09)
-- P6 ← RES=18 (룸5파리82,   OPEN_AT=05-17)
-- P7 ← RES=41 (룸11배드타임,OPEN_AT=05-16)
-- P8 ← RES=5  (룸2 4SUM1,   OPEN_AT=05-31)
-- P9 ← RES=3  (룸1접견,     OPEN_AT=07-19) 미래
-- P10← RES=34 (룸9탐사대,   OPEN_AT=06-21) 미래
-- P11← RES=6  (룸2 4SUM1,   OPEN_AT=07-05) 미래
-- P12← RES=27 (룸7잉카,     OPEN_AT=06-28) 미래
-- P13← RES=39 (룸10업사이드,OPEN_AT=07-12) 미래
-- =====================================================
Insert into PARTY_ROOM (PARTY_ROOM_ID, RES_OPEN_ID, PARTY_ID, CREATED_AT) values (PARTY_ROOM_SEQ.NEXTVAL, 8,  1,  TO_DATE('2026-03-12 11:46:04','YYYY-MM-DD HH24:MI:SS'));
Insert into PARTY_ROOM (PARTY_ROOM_ID, RES_OPEN_ID, PARTY_ID, CREATED_AT) values (PARTY_ROOM_SEQ.NEXTVAL, 1,  2,  TO_DATE('2026-03-12 15:01:04','YYYY-MM-DD HH24:MI:SS'));
Insert into PARTY_ROOM (PARTY_ROOM_ID, RES_OPEN_ID, PARTY_ID, CREATED_AT) values (PARTY_ROOM_SEQ.NEXTVAL, 40, 3,  TO_DATE('2026-04-01 07:15:39','YYYY-MM-DD HH24:MI:SS'));
Insert into PARTY_ROOM (PARTY_ROOM_ID, RES_OPEN_ID, PARTY_ID, CREATED_AT) values (PARTY_ROOM_SEQ.NEXTVAL, 25, 4,  TO_DATE('2026-04-03 23:31:06','YYYY-MM-DD HH24:MI:SS'));
Insert into PARTY_ROOM (PARTY_ROOM_ID, RES_OPEN_ID, PARTY_ID, CREATED_AT) values (PARTY_ROOM_SEQ.NEXTVAL, 14, 5,  TO_DATE('2026-04-22 17:26:27','YYYY-MM-DD HH24:MI:SS'));
Insert into PARTY_ROOM (PARTY_ROOM_ID, RES_OPEN_ID, PARTY_ID, CREATED_AT) values (PARTY_ROOM_SEQ.NEXTVAL, 18, 6,  TO_DATE('2026-05-13 06:40:20','YYYY-MM-DD HH24:MI:SS'));
Insert into PARTY_ROOM (PARTY_ROOM_ID, RES_OPEN_ID, PARTY_ID, CREATED_AT) values (PARTY_ROOM_SEQ.NEXTVAL, 41, 7,  TO_DATE('2026-05-19 12:31:28','YYYY-MM-DD HH24:MI:SS'));
Insert into PARTY_ROOM (PARTY_ROOM_ID, RES_OPEN_ID, PARTY_ID, CREATED_AT) values (PARTY_ROOM_SEQ.NEXTVAL, 5,  8,  TO_DATE('2026-05-21 21:29:51','YYYY-MM-DD HH24:MI:SS'));
Insert into PARTY_ROOM (PARTY_ROOM_ID, RES_OPEN_ID, PARTY_ID, CREATED_AT) values (PARTY_ROOM_SEQ.NEXTVAL, 3,  9,  TO_DATE('2026-06-02 00:49:57','YYYY-MM-DD HH24:MI:SS'));
Insert into PARTY_ROOM (PARTY_ROOM_ID, RES_OPEN_ID, PARTY_ID, CREATED_AT) values (PARTY_ROOM_SEQ.NEXTVAL, 34, 10, TO_DATE('2026-06-02 02:08:45','YYYY-MM-DD HH24:MI:SS'));
Insert into PARTY_ROOM (PARTY_ROOM_ID, RES_OPEN_ID, PARTY_ID, CREATED_AT) values (PARTY_ROOM_SEQ.NEXTVAL, 6,  11, TO_DATE('2026-06-03 18:02:08','YYYY-MM-DD HH24:MI:SS'));
Insert into PARTY_ROOM (PARTY_ROOM_ID, RES_OPEN_ID, PARTY_ID, CREATED_AT) values (PARTY_ROOM_SEQ.NEXTVAL, 27, 12, TO_DATE('2026-06-04 05:00:30','YYYY-MM-DD HH24:MI:SS'));
Insert into PARTY_ROOM (PARTY_ROOM_ID, RES_OPEN_ID, PARTY_ID, CREATED_AT) values (PARTY_ROOM_SEQ.NEXTVAL, 39, 13, TO_DATE('2026-06-04 09:08:45','YYYY-MM-DD HH24:MI:SS'));

select *
from RESERVATION;
-- =====================================================
-- RESERVATION (PARTY_ROOM 이후 ~ OPEN_AT 전)
-- =====================================================
Insert into RESERVATION (RESERVATION_ID, PARTY_ID, CREATED_AT) values (RESERVATION_SEQ.NEXTVAL, 1,  TO_DATE('2026-03-15 15:00:00','YYYY-MM-DD HH24:MI:SS')); -- RES_ID=1, OPEN_AT=03-22
Insert into RESERVATION (RESERVATION_ID, PARTY_ID, CREATED_AT) values (RESERVATION_SEQ.NEXTVAL, 2,  TO_DATE('2026-03-14 10:00:00','YYYY-MM-DD HH24:MI:SS')); -- RES_ID=2, OPEN_AT=03-20
Insert into RESERVATION (RESERVATION_ID, PARTY_ID, CREATED_AT) values (RESERVATION_SEQ.NEXTVAL, 3,  TO_DATE('2026-04-02 11:00:00','YYYY-MM-DD HH24:MI:SS')); -- RES_ID=3, OPEN_AT=04-04 (취소됨)
Insert into RESERVATION (RESERVATION_ID, PARTY_ID, CREATED_AT) values (RESERVATION_SEQ.NEXTVAL, 4,  TO_DATE('2026-04-20 09:00:00','YYYY-MM-DD HH24:MI:SS')); -- RES_ID=4, OPEN_AT=04-26
Insert into RESERVATION (RESERVATION_ID, PARTY_ID, CREATED_AT) values (RESERVATION_SEQ.NEXTVAL, 5,  TO_DATE('2026-05-04 14:00:00','YYYY-MM-DD HH24:MI:SS')); -- RES_ID=5, OPEN_AT=05-09
Insert into RESERVATION (RESERVATION_ID, PARTY_ID, CREATED_AT) values (RESERVATION_SEQ.NEXTVAL, 6,  TO_DATE('2026-05-14 12:00:00','YYYY-MM-DD HH24:MI:SS')); -- RES_ID=6, OPEN_AT=05-17
Insert into RESERVATION (RESERVATION_ID, PARTY_ID, CREATED_AT) values (RESERVATION_SEQ.NEXTVAL, 7,  TO_DATE('2026-05-13 10:00:00','YYYY-MM-DD HH24:MI:SS')); -- RES_ID=7, OPEN_AT=05-16
Insert into RESERVATION (RESERVATION_ID, PARTY_ID, CREATED_AT) values (RESERVATION_SEQ.NEXTVAL, 8,  TO_DATE('2026-05-22 11:00:00','YYYY-MM-DD HH24:MI:SS')); -- RES_ID=8, OPEN_AT=05-31
-- 미래 예약
Insert into RESERVATION (RESERVATION_ID, PARTY_ID, CREATED_AT) values (RESERVATION_SEQ.NEXTVAL, 9,  TO_DATE('2026-06-04 09:00:00','YYYY-MM-DD HH24:MI:SS')); -- RES_ID=9,  OPEN_AT=07-19
Insert into RESERVATION (RESERVATION_ID, PARTY_ID, CREATED_AT) values (RESERVATION_SEQ.NEXTVAL, 10, TO_DATE('2026-06-04 11:00:00','YYYY-MM-DD HH24:MI:SS')); -- RES_ID=10, OPEN_AT=06-21
Insert into RESERVATION (RESERVATION_ID, PARTY_ID, CREATED_AT) values (RESERVATION_SEQ.NEXTVAL, 11, TO_DATE('2026-06-04 13:00:00','YYYY-MM-DD HH24:MI:SS')); -- RES_ID=11, OPEN_AT=07-05
Insert into RESERVATION (RESERVATION_ID, PARTY_ID, CREATED_AT) values (RESERVATION_SEQ.NEXTVAL, 12, TO_DATE('2026-06-05 07:00:00','YYYY-MM-DD HH24:MI:SS')); -- RES_ID=12, OPEN_AT=06-28
Insert into RESERVATION (RESERVATION_ID, PARTY_ID, CREATED_AT) values (RESERVATION_SEQ.NEXTVAL, 13, TO_DATE('2026-06-05 08:00:00','YYYY-MM-DD HH24:MI:SS')); -- RES_ID=13, OPEN_AT=07-12

select *
from RESERVATION_CANCEL;
-- =====================================================
-- RESERVATION_CANCEL (RES_ID=3 취소)
-- CANCEL_AT: RESERVATION.CREATED_AT 이후, OPEN_AT 이전
-- =====================================================
Insert into RESERVATION_CANCEL (CANCEL_ID, RESERVATION_ID, USER_ID, CANCEL_AT)
  values (RESERVATION_CANCEL_SEQ.NEXTVAL, 3, 5, TO_DATE('2026-04-03 14:00:00','YYYY-MM-DD HH24:MI:SS'));

select *
from res_drop;
-- =====================================================
-- RES_DROP (취소된 예약의 RES_OPEN 드롭)
-- RES_OPEN=40 (룸11, OPEN_AT=2026-04-04) 취소
-- =====================================================
Insert into RES_DROP (RES_DROP_ID, RES_OPEN_ID, DROP_AT)
  values (RES_DROP_SEQ.NEXTVAL, 40, TO_DATE('2026-04-03 14:05:00','YYYY-MM-DD HH24:MI:SS'));

select *
from party_drop;
-- =====================================================
-- PARTY_DROP (취소된 파티)
-- PARTY_ID=3: 예약 취소 → 파티 드롭
-- =====================================================
Insert into PARTY_DROP (PARTY_DROP_ID, PARTY_ID, CREATED_AT)
  values (PARTY_DROP_SEQ.NEXTVAL, 3, TO_DATE('2026-04-03 14:10:00','YYYY-MM-DD HH24:MI:SS'));

select *
from ATTENDANCE;
-- =====================================================
-- ATTENDANCE (과거 완료 예약만: RES_ID 1,2,4,5,6,7,8)
-- RES_ID=3 취소 → 출석 없음
-- CREATED_AT = OPEN_AT 직후
-- =====================================================
Insert into ATTENDANCE (ATTENDANCE_ID, RESERVATION_ID, USER_ID, CREATED_AT)
  values (ATTENDANCE_SEQ.NEXTVAL, 1, 20, TO_DATE('2026-03-22 16:05:00','YYYY-MM-DD HH24:MI:SS')); -- ATT=1 P1 룸3오시리스
Insert into ATTENDANCE (ATTENDANCE_ID, RESERVATION_ID, USER_ID, CREATED_AT)
  values (ATTENDANCE_SEQ.NEXTVAL, 2, 17, TO_DATE('2026-03-20 14:05:00','YYYY-MM-DD HH24:MI:SS')); -- ATT=2 P2 룸1접견
Insert into ATTENDANCE (ATTENDANCE_ID, RESERVATION_ID, USER_ID, CREATED_AT)
  values (ATTENDANCE_SEQ.NEXTVAL, 4, 9,  TO_DATE('2026-04-25 10:05:00','YYYY-MM-DD HH24:MI:SS')); -- ATT=3 P4 룸7잉카
Insert into ATTENDANCE (ATTENDANCE_ID, RESERVATION_ID, USER_ID, CREATED_AT)
  values (ATTENDANCE_SEQ.NEXTVAL, 5, 19, TO_DATE('2026-05-09 14:05:00','YYYY-MM-DD HH24:MI:SS')); -- ATT=4 P5 룸4비밀의가족
Insert into ATTENDANCE (ATTENDANCE_ID, RESERVATION_ID, USER_ID, CREATED_AT)
  values (ATTENDANCE_SEQ.NEXTVAL, 6, 8,  TO_DATE('2026-05-17 12:05:00','YYYY-MM-DD HH24:MI:SS')); -- ATT=5 P6 룸5파리82
Insert into ATTENDANCE (ATTENDANCE_ID, RESERVATION_ID, USER_ID, CREATED_AT)
  values (ATTENDANCE_SEQ.NEXTVAL, 7, 16, TO_DATE('2026-05-16 10:05:00','YYYY-MM-DD HH24:MI:SS')); -- ATT=6 P7 룸11배드타임(RES=41)
Insert into ATTENDANCE (ATTENDANCE_ID, RESERVATION_ID, USER_ID, CREATED_AT)
  values (ATTENDANCE_SEQ.NEXTVAL, 8, 15, TO_DATE('2026-05-31 10:05:00','YYYY-MM-DD HH24:MI:SS')); -- ATT=7 P8 룸2 4SUM1

select *
from ATTENDANCE_DETAIL;
-- =====================================================
-- ATTENDANCE_DETAIL (출석 상태)
-- ATTEND_STATUS_ID: 1=출석, 2=결석(노쇼)
-- =====================================================
-- ATT=1 (P1: user20,11,12)
Insert into ATTENDANCE_DETAIL (DETAIL_ID, ATTENDANCE_ID, USER_ID, ATTEND_STATUS_ID) values (ATTENDANCE_DETAIL_SEQ.NEXTVAL, 1, 20, 1); -- D=1
Insert into ATTENDANCE_DETAIL (DETAIL_ID, ATTENDANCE_ID, USER_ID, ATTEND_STATUS_ID) values (ATTENDANCE_DETAIL_SEQ.NEXTVAL, 1, 11, 1); -- D=2
Insert into ATTENDANCE_DETAIL (DETAIL_ID, ATTENDANCE_ID, USER_ID, ATTEND_STATUS_ID) values (ATTENDANCE_DETAIL_SEQ.NEXTVAL, 1, 12, 1); -- D=3
-- ATT=2 (P2: user17,14,13,7)
Insert into ATTENDANCE_DETAIL (DETAIL_ID, ATTENDANCE_ID, USER_ID, ATTEND_STATUS_ID) values (ATTENDANCE_DETAIL_SEQ.NEXTVAL, 2, 17, 1); -- D=4
Insert into ATTENDANCE_DETAIL (DETAIL_ID, ATTENDANCE_ID, USER_ID, ATTEND_STATUS_ID) values (ATTENDANCE_DETAIL_SEQ.NEXTVAL, 2, 14, 2); -- D=5 (결석)
Insert into ATTENDANCE_DETAIL (DETAIL_ID, ATTENDANCE_ID, USER_ID, ATTEND_STATUS_ID) values (ATTENDANCE_DETAIL_SEQ.NEXTVAL, 2, 13, 1); -- D=6
Insert into ATTENDANCE_DETAIL (DETAIL_ID, ATTENDANCE_ID, USER_ID, ATTEND_STATUS_ID) values (ATTENDANCE_DETAIL_SEQ.NEXTVAL, 2, 7,  1); -- D=7
-- ATT=3 (P4: user9,5)
Insert into ATTENDANCE_DETAIL (DETAIL_ID, ATTENDANCE_ID, USER_ID, ATTEND_STATUS_ID) values (ATTENDANCE_DETAIL_SEQ.NEXTVAL, 3, 9,  1); -- D=8
Insert into ATTENDANCE_DETAIL (DETAIL_ID, ATTENDANCE_ID, USER_ID, ATTEND_STATUS_ID) values (ATTENDANCE_DETAIL_SEQ.NEXTVAL, 3, 5,  1); -- D=9
-- ATT=4 (P5: user19,17,7,13)
Insert into ATTENDANCE_DETAIL (DETAIL_ID, ATTENDANCE_ID, USER_ID, ATTEND_STATUS_ID) values (ATTENDANCE_DETAIL_SEQ.NEXTVAL, 4, 19, 1); -- D=10
Insert into ATTENDANCE_DETAIL (DETAIL_ID, ATTENDANCE_ID, USER_ID, ATTEND_STATUS_ID) values (ATTENDANCE_DETAIL_SEQ.NEXTVAL, 4, 17, 1); -- D=11
Insert into ATTENDANCE_DETAIL (DETAIL_ID, ATTENDANCE_ID, USER_ID, ATTEND_STATUS_ID) values (ATTENDANCE_DETAIL_SEQ.NEXTVAL, 4, 7,  2); -- D=12 (결석)
Insert into ATTENDANCE_DETAIL (DETAIL_ID, ATTENDANCE_ID, USER_ID, ATTEND_STATUS_ID) values (ATTENDANCE_DETAIL_SEQ.NEXTVAL, 4, 13, 1); -- D=13
-- ATT=5 (P6: user8,6)
Insert into ATTENDANCE_DETAIL (DETAIL_ID, ATTENDANCE_ID, USER_ID, ATTEND_STATUS_ID) values (ATTENDANCE_DETAIL_SEQ.NEXTVAL, 5, 8,  1); -- D=14
Insert into ATTENDANCE_DETAIL (DETAIL_ID, ATTENDANCE_ID, USER_ID, ATTEND_STATUS_ID) values (ATTENDANCE_DETAIL_SEQ.NEXTVAL, 5, 6,  1); -- D=15
-- ATT=6 (P7: user16,12,19,11 — user2 킥 제외)
Insert into ATTENDANCE_DETAIL (DETAIL_ID, ATTENDANCE_ID, USER_ID, ATTEND_STATUS_ID) values (ATTENDANCE_DETAIL_SEQ.NEXTVAL, 6, 16, 1); -- D=16
Insert into ATTENDANCE_DETAIL (DETAIL_ID, ATTENDANCE_ID, USER_ID, ATTEND_STATUS_ID) values (ATTENDANCE_DETAIL_SEQ.NEXTVAL, 6, 12, 1); -- D=17
Insert into ATTENDANCE_DETAIL (DETAIL_ID, ATTENDANCE_ID, USER_ID, ATTEND_STATUS_ID) values (ATTENDANCE_DETAIL_SEQ.NEXTVAL, 6, 19, 1); -- D=18
Insert into ATTENDANCE_DETAIL (DETAIL_ID, ATTENDANCE_ID, USER_ID, ATTEND_STATUS_ID) values (ATTENDANCE_DETAIL_SEQ.NEXTVAL, 6, 11, 1); -- D=19
-- ATT=7 (P8: user15,6,14)
Insert into ATTENDANCE_DETAIL (DETAIL_ID, ATTENDANCE_ID, USER_ID, ATTEND_STATUS_ID) values (ATTENDANCE_DETAIL_SEQ.NEXTVAL, 7, 15, 1); -- D=20
Insert into ATTENDANCE_DETAIL (DETAIL_ID, ATTENDANCE_ID, USER_ID, ATTEND_STATUS_ID) values (ATTENDANCE_DETAIL_SEQ.NEXTVAL, 7, 6,  1); -- D=21
Insert into ATTENDANCE_DETAIL (DETAIL_ID, ATTENDANCE_ID, USER_ID, ATTEND_STATUS_ID) values (ATTENDANCE_DETAIL_SEQ.NEXTVAL, 7, 14, 1); -- D=22

SELECT *
FROM RECORD;
-- =====================================================
-- RECORD (출석 당일 작성)
-- =====================================================
-- ATT=1 (룸3 오시리스, 80분)
Insert into RECORD (RECORD_ID, DETAIL_ID, PLAYER_COUNT, IS_ESCAPED, PLAY_TIME, HINT_COUNT, RECORD_COMMENT, CREATED_AT) values (RECORD_SEQ.NEXTVAL, 1,  3, 1, 65, 2, '재밌었어요!',                    TO_DATE('2026-03-22 17:03:02','YYYY-MM-DD HH24:MI:SS'));
Insert into RECORD (RECORD_ID, DETAIL_ID, PLAYER_COUNT, IS_ESCAPED, PLAY_TIME, HINT_COUNT, RECORD_COMMENT, CREATED_AT) values (RECORD_SEQ.NEXTVAL, 2,  3, 1, 65, 2, '재밌었어요!',                    TO_DATE('2026-03-22 17:15:00','YYYY-MM-DD HH24:MI:SS'));
Insert into RECORD (RECORD_ID, DETAIL_ID, PLAYER_COUNT, IS_ESCAPED, PLAY_TIME, HINT_COUNT, RECORD_COMMENT, CREATED_AT) values (RECORD_SEQ.NEXTVAL, 3,  3, 1, 65, 2, '재밌었어요!',                    TO_DATE('2026-03-22 17:30:00','YYYY-MM-DD HH24:MI:SS'));
-- ATT=2 (룸1 접견, 60분)
Insert into RECORD (RECORD_ID, DETAIL_ID, PLAYER_COUNT, IS_ESCAPED, PLAY_TIME, HINT_COUNT, RECORD_COMMENT, CREATED_AT) values (RECORD_SEQ.NEXTVAL, 4,  3, 0, 60, 5, '아쉽게 실패했지만 즐거웠습니다.', TO_DATE('2026-03-20 15:29:06','YYYY-MM-DD HH24:MI:SS'));
Insert into RECORD (RECORD_ID, DETAIL_ID, PLAYER_COUNT, IS_ESCAPED, PLAY_TIME, HINT_COUNT, RECORD_COMMENT, CREATED_AT) values (RECORD_SEQ.NEXTVAL, 6,  3, 0, 60, 5, '아쉽게 실패했지만 즐거웠습니다.', TO_DATE('2026-03-20 15:40:00','YYYY-MM-DD HH24:MI:SS'));
Insert into RECORD (RECORD_ID, DETAIL_ID, PLAYER_COUNT, IS_ESCAPED, PLAY_TIME, HINT_COUNT, RECORD_COMMENT, CREATED_AT) values (RECORD_SEQ.NEXTVAL, 7,  3, 0, 60, 5, '아쉽게 실패했지만 즐거웠습니다.', TO_DATE('2026-03-20 16:00:00','YYYY-MM-DD HH24:MI:SS'));
-- ATT=3 (룸7 잉카, 70분)
Insert into RECORD (RECORD_ID, DETAIL_ID, PLAYER_COUNT, IS_ESCAPED, PLAY_TIME, HINT_COUNT, RECORD_COMMENT, CREATED_AT) values (RECORD_SEQ.NEXTVAL, 8,  2, 1, 55, 1, '재밌었어요!',                    TO_DATE('2026-04-25 11:30:00','YYYY-MM-DD HH24:MI:SS'));
Insert into RECORD (RECORD_ID, DETAIL_ID, PLAYER_COUNT, IS_ESCAPED, PLAY_TIME, HINT_COUNT, RECORD_COMMENT, CREATED_AT) values (RECORD_SEQ.NEXTVAL, 9,  2, 1, 55, 1, '재밌었어요!',                    TO_DATE('2026-04-25 11:45:00','YYYY-MM-DD HH24:MI:SS'));
-- ATT=4 (룸4 비밀의가족, 80분)
Insert into RECORD (RECORD_ID, DETAIL_ID, PLAYER_COUNT, IS_ESCAPED, PLAY_TIME, HINT_COUNT, RECORD_COMMENT, CREATED_AT) values (RECORD_SEQ.NEXTVAL, 10, 3, 0, 80, 4, '아쉽게 실패했지만 즐거웠습니다.', TO_DATE('2026-05-09 15:30:00','YYYY-MM-DD HH24:MI:SS'));
Insert into RECORD (RECORD_ID, DETAIL_ID, PLAYER_COUNT, IS_ESCAPED, PLAY_TIME, HINT_COUNT, RECORD_COMMENT, CREATED_AT) values (RECORD_SEQ.NEXTVAL, 11, 3, 0, 80, 4, '아쉽게 실패했지만 즐거웠습니다.', TO_DATE('2026-05-09 15:45:00','YYYY-MM-DD HH24:MI:SS'));
Insert into RECORD (RECORD_ID, DETAIL_ID, PLAYER_COUNT, IS_ESCAPED, PLAY_TIME, HINT_COUNT, RECORD_COMMENT, CREATED_AT) values (RECORD_SEQ.NEXTVAL, 13, 3, 0, 80, 4, '아쉽게 실패했지만 즐거웠습니다.', TO_DATE('2026-05-09 16:00:00','YYYY-MM-DD HH24:MI:SS'));
-- ATT=5 (룸5 파리82, 80분)
Insert into RECORD (RECORD_ID, DETAIL_ID, PLAYER_COUNT, IS_ESCAPED, PLAY_TIME, HINT_COUNT, RECORD_COMMENT, CREATED_AT) values (RECORD_SEQ.NEXTVAL, 14, 2, 1, 52, 2, '재밌었어요!',                    TO_DATE('2026-05-17 13:10:00','YYYY-MM-DD HH24:MI:SS'));
Insert into RECORD (RECORD_ID, DETAIL_ID, PLAYER_COUNT, IS_ESCAPED, PLAY_TIME, HINT_COUNT, RECORD_COMMENT, CREATED_AT) values (RECORD_SEQ.NEXTVAL, 15, 2, 1, 52, 2, '재밌었어요!',                    TO_DATE('2026-05-17 13:25:00','YYYY-MM-DD HH24:MI:SS'));
-- ATT=6 (룸11 배드타임, 80분)
Insert into RECORD (RECORD_ID, DETAIL_ID, PLAYER_COUNT, IS_ESCAPED, PLAY_TIME, HINT_COUNT, RECORD_COMMENT, CREATED_AT) values (RECORD_SEQ.NEXTVAL, 16, 4, 1, 72, 3, '재밌었어요!',                    TO_DATE('2026-05-16 11:30:00','YYYY-MM-DD HH24:MI:SS'));
Insert into RECORD (RECORD_ID, DETAIL_ID, PLAYER_COUNT, IS_ESCAPED, PLAY_TIME, HINT_COUNT, RECORD_COMMENT, CREATED_AT) values (RECORD_SEQ.NEXTVAL, 17, 4, 1, 72, 3, '재밌었어요!',                    TO_DATE('2026-05-16 11:45:00','YYYY-MM-DD HH24:MI:SS'));
Insert into RECORD (RECORD_ID, DETAIL_ID, PLAYER_COUNT, IS_ESCAPED, PLAY_TIME, HINT_COUNT, RECORD_COMMENT, CREATED_AT) values (RECORD_SEQ.NEXTVAL, 18, 4, 1, 72, 3, '재밌었어요!',                    TO_DATE('2026-05-16 12:00:00','YYYY-MM-DD HH24:MI:SS'));
Insert into RECORD (RECORD_ID, DETAIL_ID, PLAYER_COUNT, IS_ESCAPED, PLAY_TIME, HINT_COUNT, RECORD_COMMENT, CREATED_AT) values (RECORD_SEQ.NEXTVAL, 19, 4, 1, 72, 3, '재밌었어요!',                    TO_DATE('2026-05-16 12:15:00','YYYY-MM-DD HH24:MI:SS'));
-- ATT=7 (룸2 4SUM1, 60분)
Insert into RECORD (RECORD_ID, DETAIL_ID, PLAYER_COUNT, IS_ESCAPED, PLAY_TIME, HINT_COUNT, RECORD_COMMENT, CREATED_AT) values (RECORD_SEQ.NEXTVAL, 20, 3, 0, 60, 6, '아쉽게 실패했지만 즐거웠습니다.', TO_DATE('2026-05-31 11:30:00','YYYY-MM-DD HH24:MI:SS'));
Insert into RECORD (RECORD_ID, DETAIL_ID, PLAYER_COUNT, IS_ESCAPED, PLAY_TIME, HINT_COUNT, RECORD_COMMENT, CREATED_AT) values (RECORD_SEQ.NEXTVAL, 21, 3, 0, 60, 6, '아쉽게 실패했지만 즐거웠습니다.', TO_DATE('2026-05-31 11:45:00','YYYY-MM-DD HH24:MI:SS'));
Insert into RECORD (RECORD_ID, DETAIL_ID, PLAYER_COUNT, IS_ESCAPED, PLAY_TIME, HINT_COUNT, RECORD_COMMENT, CREATED_AT) values (RECORD_SEQ.NEXTVAL, 22, 3, 0, 60, 6, '아쉽게 실패했지만 즐거웠습니다.', TO_DATE('2026-05-31 12:00:00','YYYY-MM-DD HH24:MI:SS'));

SELECT *
FROM REVIEW;
-- =====================================================
-- REVIEW (출석 당일~다음날)
-- =====================================================
Insert into REVIEW (REVIEW_ID, DETAIL_ID, DIFFICULTY, HORROR, ACTIVITY, IMMERSION, SATISFACTION, REVIEW_COMMENT, CREATED_AT)
  values (REVIEW_SEQ.NEXTVAL, 1,  2, 5, 3, 4, 5, '긴장감 있고 몰입감 최고였어요!',   TO_DATE('2026-03-22 18:17:23','YYYY-MM-DD HH24:MI:SS'));
Insert into REVIEW (REVIEW_ID, DETAIL_ID, DIFFICULTY, HORROR, ACTIVITY, IMMERSION, SATISFACTION, REVIEW_COMMENT, CREATED_AT)
  values (REVIEW_SEQ.NEXTVAL, 2,  2, 4, 3, 4, 4, '공포 분위기가 잘 살아있어요.',     TO_DATE('2026-03-22 19:09:16','YYYY-MM-DD HH24:MI:SS'));
Insert into REVIEW (REVIEW_ID, DETAIL_ID, DIFFICULTY, HORROR, ACTIVITY, IMMERSION, SATISFACTION, REVIEW_COMMENT, CREATED_AT)
  values (REVIEW_SEQ.NEXTVAL, 4,  1, 4, 2, 3, 3, '난이도가 낮아서 아쉬웠어요.',     TO_DATE('2026-03-20 15:31:48','YYYY-MM-DD HH24:MI:SS'));
Insert into REVIEW (REVIEW_ID, DETAIL_ID, DIFFICULTY, HORROR, ACTIVITY, IMMERSION, SATISFACTION, REVIEW_COMMENT, CREATED_AT)
  values (REVIEW_SEQ.NEXTVAL, 6,  1, 3, 2, 3, 3, '처음치곤 재밌었어요.',            TO_DATE('2026-03-20 16:54:30','YYYY-MM-DD HH24:MI:SS'));
Insert into REVIEW (REVIEW_ID, DETAIL_ID, DIFFICULTY, HORROR, ACTIVITY, IMMERSION, SATISFACTION, REVIEW_COMMENT, CREATED_AT)
  values (REVIEW_SEQ.NEXTVAL, 8,  4, 4, 5, 5, 5, '두 명이서 탈출 성공! 뿌듯해요.', TO_DATE('2026-04-25 12:31:48','YYYY-MM-DD HH24:MI:SS'));
Insert into REVIEW (REVIEW_ID, DETAIL_ID, DIFFICULTY, HORROR, ACTIVITY, IMMERSION, SATISFACTION, REVIEW_COMMENT, CREATED_AT)
  values (REVIEW_SEQ.NEXTVAL, 10, 4, 3, 2, 3, 3, '조금 어려웠지만 재밌었어요.',    TO_DATE('2026-05-09 16:16:18','YYYY-MM-DD HH24:MI:SS'));
Insert into REVIEW (REVIEW_ID, DETAIL_ID, DIFFICULTY, HORROR, ACTIVITY, IMMERSION, SATISFACTION, REVIEW_COMMENT, CREATED_AT)
  values (REVIEW_SEQ.NEXTVAL, 11, 4, 3, 3, 3, 3, '몰입감 좋았어요. 추천합니다.',   TO_DATE('2026-05-09 16:37:56','YYYY-MM-DD HH24:MI:SS'));
Insert into REVIEW (REVIEW_ID, DETAIL_ID, DIFFICULTY, HORROR, ACTIVITY, IMMERSION, SATISFACTION, REVIEW_COMMENT, CREATED_AT)
  values (REVIEW_SEQ.NEXTVAL, 14, 1, 2, 1, 3, 4, '분위기 좋아요. 가볍게 즐겼어요.', TO_DATE('2026-05-17 14:24:18','YYYY-MM-DD HH24:MI:SS'));
Insert into REVIEW (REVIEW_ID, DETAIL_ID, DIFFICULTY, HORROR, ACTIVITY, IMMERSION, SATISFACTION, REVIEW_COMMENT, CREATED_AT)
  values (REVIEW_SEQ.NEXTVAL, 16, 3, 4, 1, 4, 5, '스토리가 탄탄했어요!',            TO_DATE('2026-05-16 13:52:42','YYYY-MM-DD HH24:MI:SS'));
Insert into REVIEW (REVIEW_ID, DETAIL_ID, DIFFICULTY, HORROR, ACTIVITY, IMMERSION, SATISFACTION, REVIEW_COMMENT, CREATED_AT)
  values (REVIEW_SEQ.NEXTVAL, 17, 3, 4, 1, 5, 5, '4명이서 딱이었어요.',             TO_DATE('2026-05-16 14:24:18','YYYY-MM-DD HH24:MI:SS'));
Insert into REVIEW (REVIEW_ID, DETAIL_ID, DIFFICULTY, HORROR, ACTIVITY, IMMERSION, SATISFACTION, REVIEW_COMMENT, CREATED_AT)
  values (REVIEW_SEQ.NEXTVAL, 20, 5, 2, 5, 4, 3, '쉬운 편인데 분위기는 좋아요.',  TO_DATE('2026-05-31 12:16:13','YYYY-MM-DD HH24:MI:SS'));

SELECT *
FROM MUTUAL_EVALUATION;
-- =====================================================
-- MUTUAL_EVALUATION (출석 당일)
-- QUESTION_ID: 1=시간엄수, 2=매너
-- ANSWER_ID: 1=좋음, 2=나쁨
-- =====================================================
-- ATT=1
Insert into MUTUAL_EVALUATION (EVAL_ID, DETAIL_ID, TARGET_ID, QUESTION_ID, ANSWER_ID, CREATED_AT) values (MUTUAL_EVALUATION_SEQ.NEXTVAL, 1,  11, 1, 1, TO_DATE('2026-03-22 18:28:59','YYYY-MM-DD HH24:MI:SS'));
Insert into MUTUAL_EVALUATION (EVAL_ID, DETAIL_ID, TARGET_ID, QUESTION_ID, ANSWER_ID, CREATED_AT) values (MUTUAL_EVALUATION_SEQ.NEXTVAL, 1,  11, 2, 1, TO_DATE('2026-03-22 18:28:59','YYYY-MM-DD HH24:MI:SS'));
Insert into MUTUAL_EVALUATION (EVAL_ID, DETAIL_ID, TARGET_ID, QUESTION_ID, ANSWER_ID, CREATED_AT) values (MUTUAL_EVALUATION_SEQ.NEXTVAL, 1,  12, 1, 1, TO_DATE('2026-03-22 18:30:00','YYYY-MM-DD HH24:MI:SS'));
Insert into MUTUAL_EVALUATION (EVAL_ID, DETAIL_ID, TARGET_ID, QUESTION_ID, ANSWER_ID, CREATED_AT) values (MUTUAL_EVALUATION_SEQ.NEXTVAL, 1,  12, 2, 2, TO_DATE('2026-03-22 18:30:00','YYYY-MM-DD HH24:MI:SS')); -- 나쁨
Insert into MUTUAL_EVALUATION (EVAL_ID, DETAIL_ID, TARGET_ID, QUESTION_ID, ANSWER_ID, CREATED_AT) values (MUTUAL_EVALUATION_SEQ.NEXTVAL, 2,  20, 1, 1, TO_DATE('2026-03-22 18:45:00','YYYY-MM-DD HH24:MI:SS'));
Insert into MUTUAL_EVALUATION (EVAL_ID, DETAIL_ID, TARGET_ID, QUESTION_ID, ANSWER_ID, CREATED_AT) values (MUTUAL_EVALUATION_SEQ.NEXTVAL, 2,  20, 2, 1, TO_DATE('2026-03-22 18:45:00','YYYY-MM-DD HH24:MI:SS'));
Insert into MUTUAL_EVALUATION (EVAL_ID, DETAIL_ID, TARGET_ID, QUESTION_ID, ANSWER_ID, CREATED_AT) values (MUTUAL_EVALUATION_SEQ.NEXTVAL, 3,  20, 1, 1, TO_DATE('2026-03-22 19:00:00','YYYY-MM-DD HH24:MI:SS'));
Insert into MUTUAL_EVALUATION (EVAL_ID, DETAIL_ID, TARGET_ID, QUESTION_ID, ANSWER_ID, CREATED_AT) values (MUTUAL_EVALUATION_SEQ.NEXTVAL, 3,  20, 2, 1, TO_DATE('2026-03-22 19:00:00','YYYY-MM-DD HH24:MI:SS'));
-- ATT=2
Insert into MUTUAL_EVALUATION (EVAL_ID, DETAIL_ID, TARGET_ID, QUESTION_ID, ANSWER_ID, CREATED_AT) values (MUTUAL_EVALUATION_SEQ.NEXTVAL, 4,  13, 1, 1, TO_DATE('2026-03-20 15:05:18','YYYY-MM-DD HH24:MI:SS'));
Insert into MUTUAL_EVALUATION (EVAL_ID, DETAIL_ID, TARGET_ID, QUESTION_ID, ANSWER_ID, CREATED_AT) values (MUTUAL_EVALUATION_SEQ.NEXTVAL, 4,  13, 2, 1, TO_DATE('2026-03-20 15:05:18','YYYY-MM-DD HH24:MI:SS'));
Insert into MUTUAL_EVALUATION (EVAL_ID, DETAIL_ID, TARGET_ID, QUESTION_ID, ANSWER_ID, CREATED_AT) values (MUTUAL_EVALUATION_SEQ.NEXTVAL, 6,  17, 1, 1, TO_DATE('2026-03-20 15:16:57','YYYY-MM-DD HH24:MI:SS'));
Insert into MUTUAL_EVALUATION (EVAL_ID, DETAIL_ID, TARGET_ID, QUESTION_ID, ANSWER_ID, CREATED_AT) values (MUTUAL_EVALUATION_SEQ.NEXTVAL, 6,  17, 2, 1, TO_DATE('2026-03-20 15:16:57','YYYY-MM-DD HH24:MI:SS'));
-- ATT=3
Insert into MUTUAL_EVALUATION (EVAL_ID, DETAIL_ID, TARGET_ID, QUESTION_ID, ANSWER_ID, CREATED_AT) values (MUTUAL_EVALUATION_SEQ.NEXTVAL, 8,  5,  1, 1, TO_DATE('2026-04-25 11:40:07','YYYY-MM-DD HH24:MI:SS'));
Insert into MUTUAL_EVALUATION (EVAL_ID, DETAIL_ID, TARGET_ID, QUESTION_ID, ANSWER_ID, CREATED_AT) values (MUTUAL_EVALUATION_SEQ.NEXTVAL, 8,  5,  2, 1, TO_DATE('2026-04-25 11:40:07','YYYY-MM-DD HH24:MI:SS'));
Insert into MUTUAL_EVALUATION (EVAL_ID, DETAIL_ID, TARGET_ID, QUESTION_ID, ANSWER_ID, CREATED_AT) values (MUTUAL_EVALUATION_SEQ.NEXTVAL, 9,  9,  1, 1, TO_DATE('2026-04-25 11:55:17','YYYY-MM-DD HH24:MI:SS'));
Insert into MUTUAL_EVALUATION (EVAL_ID, DETAIL_ID, TARGET_ID, QUESTION_ID, ANSWER_ID, CREATED_AT) values (MUTUAL_EVALUATION_SEQ.NEXTVAL, 9,  9,  2, 1, TO_DATE('2026-04-25 11:55:17','YYYY-MM-DD HH24:MI:SS'));
-- ATT=4
Insert into MUTUAL_EVALUATION (EVAL_ID, DETAIL_ID, TARGET_ID, QUESTION_ID, ANSWER_ID, CREATED_AT) values (MUTUAL_EVALUATION_SEQ.NEXTVAL, 10, 17, 1, 1, TO_DATE('2026-05-09 15:47:57','YYYY-MM-DD HH24:MI:SS'));
Insert into MUTUAL_EVALUATION (EVAL_ID, DETAIL_ID, TARGET_ID, QUESTION_ID, ANSWER_ID, CREATED_AT) values (MUTUAL_EVALUATION_SEQ.NEXTVAL, 10, 17, 2, 1, TO_DATE('2026-05-09 15:47:57','YYYY-MM-DD HH24:MI:SS'));
Insert into MUTUAL_EVALUATION (EVAL_ID, DETAIL_ID, TARGET_ID, QUESTION_ID, ANSWER_ID, CREATED_AT) values (MUTUAL_EVALUATION_SEQ.NEXTVAL, 10, 13, 1, 1, TO_DATE('2026-05-09 16:00:00','YYYY-MM-DD HH24:MI:SS'));
Insert into MUTUAL_EVALUATION (EVAL_ID, DETAIL_ID, TARGET_ID, QUESTION_ID, ANSWER_ID, CREATED_AT) values (MUTUAL_EVALUATION_SEQ.NEXTVAL, 10, 13, 2, 1, TO_DATE('2026-05-09 16:00:00','YYYY-MM-DD HH24:MI:SS'));
Insert into MUTUAL_EVALUATION (EVAL_ID, DETAIL_ID, TARGET_ID, QUESTION_ID, ANSWER_ID, CREATED_AT) values (MUTUAL_EVALUATION_SEQ.NEXTVAL, 11, 19, 1, 1, TO_DATE('2026-05-09 16:10:00','YYYY-MM-DD HH24:MI:SS'));
Insert into MUTUAL_EVALUATION (EVAL_ID, DETAIL_ID, TARGET_ID, QUESTION_ID, ANSWER_ID, CREATED_AT) values (MUTUAL_EVALUATION_SEQ.NEXTVAL, 11, 19, 2, 1, TO_DATE('2026-05-09 16:10:00','YYYY-MM-DD HH24:MI:SS'));
-- ATT=5
Insert into MUTUAL_EVALUATION (EVAL_ID, DETAIL_ID, TARGET_ID, QUESTION_ID, ANSWER_ID, CREATED_AT) values (MUTUAL_EVALUATION_SEQ.NEXTVAL, 14, 6,  1, 1, TO_DATE('2026-05-17 13:25:01','YYYY-MM-DD HH24:MI:SS'));
Insert into MUTUAL_EVALUATION (EVAL_ID, DETAIL_ID, TARGET_ID, QUESTION_ID, ANSWER_ID, CREATED_AT) values (MUTUAL_EVALUATION_SEQ.NEXTVAL, 14, 6,  2, 1, TO_DATE('2026-05-17 13:25:01','YYYY-MM-DD HH24:MI:SS'));
Insert into MUTUAL_EVALUATION (EVAL_ID, DETAIL_ID, TARGET_ID, QUESTION_ID, ANSWER_ID, CREATED_AT) values (MUTUAL_EVALUATION_SEQ.NEXTVAL, 15, 8,  1, 1, TO_DATE('2026-05-17 13:35:00','YYYY-MM-DD HH24:MI:SS'));
Insert into MUTUAL_EVALUATION (EVAL_ID, DETAIL_ID, TARGET_ID, QUESTION_ID, ANSWER_ID, CREATED_AT) values (MUTUAL_EVALUATION_SEQ.NEXTVAL, 15, 8,  2, 2, TO_DATE('2026-05-17 13:35:00','YYYY-MM-DD HH24:MI:SS')); -- 나쁨
-- ATT=6
Insert into MUTUAL_EVALUATION (EVAL_ID, DETAIL_ID, TARGET_ID, QUESTION_ID, ANSWER_ID, CREATED_AT) values (MUTUAL_EVALUATION_SEQ.NEXTVAL, 16, 12, 1, 1, TO_DATE('2026-05-16 12:06:33','YYYY-MM-DD HH24:MI:SS'));
Insert into MUTUAL_EVALUATION (EVAL_ID, DETAIL_ID, TARGET_ID, QUESTION_ID, ANSWER_ID, CREATED_AT) values (MUTUAL_EVALUATION_SEQ.NEXTVAL, 16, 12, 2, 1, TO_DATE('2026-05-16 12:06:33','YYYY-MM-DD HH24:MI:SS'));
Insert into MUTUAL_EVALUATION (EVAL_ID, DETAIL_ID, TARGET_ID, QUESTION_ID, ANSWER_ID, CREATED_AT) values (MUTUAL_EVALUATION_SEQ.NEXTVAL, 16, 11, 1, 1, TO_DATE('2026-05-16 12:15:00','YYYY-MM-DD HH24:MI:SS'));
Insert into MUTUAL_EVALUATION (EVAL_ID, DETAIL_ID, TARGET_ID, QUESTION_ID, ANSWER_ID, CREATED_AT) values (MUTUAL_EVALUATION_SEQ.NEXTVAL, 16, 11, 2, 1, TO_DATE('2026-05-16 12:15:00','YYYY-MM-DD HH24:MI:SS'));
Insert into MUTUAL_EVALUATION (EVAL_ID, DETAIL_ID, TARGET_ID, QUESTION_ID, ANSWER_ID, CREATED_AT) values (MUTUAL_EVALUATION_SEQ.NEXTVAL, 17, 16, 1, 1, TO_DATE('2026-05-16 12:25:00','YYYY-MM-DD HH24:MI:SS'));
Insert into MUTUAL_EVALUATION (EVAL_ID, DETAIL_ID, TARGET_ID, QUESTION_ID, ANSWER_ID, CREATED_AT) values (MUTUAL_EVALUATION_SEQ.NEXTVAL, 17, 16, 2, 1, TO_DATE('2026-05-16 12:25:00','YYYY-MM-DD HH24:MI:SS'));
-- ATT=7
Insert into MUTUAL_EVALUATION (EVAL_ID, DETAIL_ID, TARGET_ID, QUESTION_ID, ANSWER_ID, CREATED_AT) values (MUTUAL_EVALUATION_SEQ.NEXTVAL, 20, 6,  1, 1, TO_DATE('2026-05-31 12:24:50','YYYY-MM-DD HH24:MI:SS'));
Insert into MUTUAL_EVALUATION (EVAL_ID, DETAIL_ID, TARGET_ID, QUESTION_ID, ANSWER_ID, CREATED_AT) values (MUTUAL_EVALUATION_SEQ.NEXTVAL, 20, 6,  2, 1, TO_DATE('2026-05-31 12:24:50','YYYY-MM-DD HH24:MI:SS'));
Insert into MUTUAL_EVALUATION (EVAL_ID, DETAIL_ID, TARGET_ID, QUESTION_ID, ANSWER_ID, CREATED_AT) values (MUTUAL_EVALUATION_SEQ.NEXTVAL, 21, 15, 1, 1, TO_DATE('2026-05-31 12:35:00','YYYY-MM-DD HH24:MI:SS'));
Insert into MUTUAL_EVALUATION (EVAL_ID, DETAIL_ID, TARGET_ID, QUESTION_ID, ANSWER_ID, CREATED_AT) values (MUTUAL_EVALUATION_SEQ.NEXTVAL, 21, 15, 2, 1, TO_DATE('2026-05-31 12:35:00','YYYY-MM-DD HH24:MI:SS'));

SELECT *
FROM MANNER_HISTORY;
-- =====================================================
-- MANNER_HISTORY
-- REASON_ID: 1=노쇼, 2=매너평가, 3=예약취소, 4=리뷰작성
-- =====================================================
-- 리뷰 작성 보상
Insert into MANNER_HISTORY (MANNER_HISTORY_ID, USER_ID, REASON_ID, SCORE, CREATED_AT) values (MANNER_HISTORY_SEQ.NEXTVAL, 20, 4,  0.1, TO_DATE('2026-03-22 18:17:23','YYYY-MM-DD HH24:MI:SS'));
Insert into MANNER_HISTORY (MANNER_HISTORY_ID, USER_ID, REASON_ID, SCORE, CREATED_AT) values (MANNER_HISTORY_SEQ.NEXTVAL, 11, 4,  0.1, TO_DATE('2026-03-22 19:09:16','YYYY-MM-DD HH24:MI:SS'));
Insert into MANNER_HISTORY (MANNER_HISTORY_ID, USER_ID, REASON_ID, SCORE, CREATED_AT) values (MANNER_HISTORY_SEQ.NEXTVAL, 17, 4,  0.1, TO_DATE('2026-03-20 15:31:48','YYYY-MM-DD HH24:MI:SS'));
Insert into MANNER_HISTORY (MANNER_HISTORY_ID, USER_ID, REASON_ID, SCORE, CREATED_AT) values (MANNER_HISTORY_SEQ.NEXTVAL, 13, 4,  0.1, TO_DATE('2026-03-20 16:54:30','YYYY-MM-DD HH24:MI:SS'));
Insert into MANNER_HISTORY (MANNER_HISTORY_ID, USER_ID, REASON_ID, SCORE, CREATED_AT) values (MANNER_HISTORY_SEQ.NEXTVAL, 9,  4,  0.1, TO_DATE('2026-04-25 12:31:48','YYYY-MM-DD HH24:MI:SS'));
Insert into MANNER_HISTORY (MANNER_HISTORY_ID, USER_ID, REASON_ID, SCORE, CREATED_AT) values (MANNER_HISTORY_SEQ.NEXTVAL, 19, 4,  0.1, TO_DATE('2026-05-09 16:16:18','YYYY-MM-DD HH24:MI:SS'));
Insert into MANNER_HISTORY (MANNER_HISTORY_ID, USER_ID, REASON_ID, SCORE, CREATED_AT) values (MANNER_HISTORY_SEQ.NEXTVAL, 17, 4,  0.1, TO_DATE('2026-05-09 16:37:56','YYYY-MM-DD HH24:MI:SS'));
Insert into MANNER_HISTORY (MANNER_HISTORY_ID, USER_ID, REASON_ID, SCORE, CREATED_AT) values (MANNER_HISTORY_SEQ.NEXTVAL, 8,  4,  0.1, TO_DATE('2026-05-17 14:24:18','YYYY-MM-DD HH24:MI:SS'));
Insert into MANNER_HISTORY (MANNER_HISTORY_ID, USER_ID, REASON_ID, SCORE, CREATED_AT) values (MANNER_HISTORY_SEQ.NEXTVAL, 16, 4,  0.1, TO_DATE('2026-05-16 13:52:42','YYYY-MM-DD HH24:MI:SS'));
Insert into MANNER_HISTORY (MANNER_HISTORY_ID, USER_ID, REASON_ID, SCORE, CREATED_AT) values (MANNER_HISTORY_SEQ.NEXTVAL, 12, 4,  0.1, TO_DATE('2026-05-16 14:24:18','YYYY-MM-DD HH24:MI:SS'));
Insert into MANNER_HISTORY (MANNER_HISTORY_ID, USER_ID, REASON_ID, SCORE, CREATED_AT) values (MANNER_HISTORY_SEQ.NEXTVAL, 15, 4,  0.1, TO_DATE('2026-05-31 12:16:13','YYYY-MM-DD HH24:MI:SS'));

-- 매너 평가 반영
-- ATT=1: user11,12 좋음 / user12 나쁨 1건
Insert into MANNER_HISTORY (MANNER_HISTORY_ID, USER_ID, REASON_ID, SCORE, CREATED_AT) values (MANNER_HISTORY_SEQ.NEXTVAL, 11, 2,  0.1,  TO_DATE('2026-03-22 18:29:00','YYYY-MM-DD HH24:MI:SS'));
Insert into MANNER_HISTORY (MANNER_HISTORY_ID, USER_ID, REASON_ID, SCORE, CREATED_AT) values (MANNER_HISTORY_SEQ.NEXTVAL, 11, 2,  0.1,  TO_DATE('2026-03-22 18:29:00','YYYY-MM-DD HH24:MI:SS'));
Insert into MANNER_HISTORY (MANNER_HISTORY_ID, USER_ID, REASON_ID, SCORE, CREATED_AT) values (MANNER_HISTORY_SEQ.NEXTVAL, 12, 2,  0.1,  TO_DATE('2026-03-22 18:30:00','YYYY-MM-DD HH24:MI:SS'));
Insert into MANNER_HISTORY (MANNER_HISTORY_ID, USER_ID, REASON_ID, SCORE, CREATED_AT) values (MANNER_HISTORY_SEQ.NEXTVAL, 12, 2, -0.1,  TO_DATE('2026-03-22 18:30:00','YYYY-MM-DD HH24:MI:SS')); -- 나쁨
Insert into MANNER_HISTORY (MANNER_HISTORY_ID, USER_ID, REASON_ID, SCORE, CREATED_AT) values (MANNER_HISTORY_SEQ.NEXTVAL, 20, 2,  0.1,  TO_DATE('2026-03-22 18:45:00','YYYY-MM-DD HH24:MI:SS'));
Insert into MANNER_HISTORY (MANNER_HISTORY_ID, USER_ID, REASON_ID, SCORE, CREATED_AT) values (MANNER_HISTORY_SEQ.NEXTVAL, 20, 2,  0.1,  TO_DATE('2026-03-22 18:45:00','YYYY-MM-DD HH24:MI:SS'));
Insert into MANNER_HISTORY (MANNER_HISTORY_ID, USER_ID, REASON_ID, SCORE, CREATED_AT) values (MANNER_HISTORY_SEQ.NEXTVAL, 20, 2,  0.1,  TO_DATE('2026-03-22 19:00:00','YYYY-MM-DD HH24:MI:SS'));
Insert into MANNER_HISTORY (MANNER_HISTORY_ID, USER_ID, REASON_ID, SCORE, CREATED_AT) values (MANNER_HISTORY_SEQ.NEXTVAL, 20, 2,  0.1,  TO_DATE('2026-03-22 19:00:00','YYYY-MM-DD HH24:MI:SS'));

-- ATT=2: user14 결석 → 노쇼
Insert into MANNER_HISTORY (MANNER_HISTORY_ID, USER_ID, REASON_ID, SCORE, CREATED_AT) values (MANNER_HISTORY_SEQ.NEXTVAL, 14, 1, -1.0,  TO_DATE('2026-03-20 16:00:00','YYYY-MM-DD HH24:MI:SS'));
Insert into MANNER_HISTORY (MANNER_HISTORY_ID, USER_ID, REASON_ID, SCORE, CREATED_AT) values (MANNER_HISTORY_SEQ.NEXTVAL, 13, 2,  0.1,  TO_DATE('2026-03-20 15:06:00','YYYY-MM-DD HH24:MI:SS'));
Insert into MANNER_HISTORY (MANNER_HISTORY_ID, USER_ID, REASON_ID, SCORE, CREATED_AT) values (MANNER_HISTORY_SEQ.NEXTVAL, 13, 2,  0.1,  TO_DATE('2026-03-20 15:06:00','YYYY-MM-DD HH24:MI:SS'));
Insert into MANNER_HISTORY (MANNER_HISTORY_ID, USER_ID, REASON_ID, SCORE, CREATED_AT) values (MANNER_HISTORY_SEQ.NEXTVAL, 17, 2,  0.1,  TO_DATE('2026-03-20 15:17:00','YYYY-MM-DD HH24:MI:SS'));
Insert into MANNER_HISTORY (MANNER_HISTORY_ID, USER_ID, REASON_ID, SCORE, CREATED_AT) values (MANNER_HISTORY_SEQ.NEXTVAL, 17, 2,  0.1,  TO_DATE('2026-03-20 15:17:00','YYYY-MM-DD HH24:MI:SS'));

-- ATT=3: 예약취소 user15 → 패널티 (PARTY_DROP user15가 취소)
Insert into MANNER_HISTORY (MANNER_HISTORY_ID, USER_ID, REASON_ID, SCORE, CREATED_AT) values (MANNER_HISTORY_SEQ.NEXTVAL, 15, 3, -1.5,  TO_DATE('2026-04-03 14:01:00','YYYY-MM-DD HH24:MI:SS'));
Insert into MANNER_HISTORY (MANNER_HISTORY_ID, USER_ID, REASON_ID, SCORE, CREATED_AT) values (MANNER_HISTORY_SEQ.NEXTVAL, 5,  2,  0.1,  TO_DATE('2026-04-25 11:41:00','YYYY-MM-DD HH24:MI:SS'));
Insert into MANNER_HISTORY (MANNER_HISTORY_ID, USER_ID, REASON_ID, SCORE, CREATED_AT) values (MANNER_HISTORY_SEQ.NEXTVAL, 9,  2,  0.1,  TO_DATE('2026-04-25 11:56:00','YYYY-MM-DD HH24:MI:SS'));

-- ATT=4: user7 결석 → 노쇼
Insert into MANNER_HISTORY (MANNER_HISTORY_ID, USER_ID, REASON_ID, SCORE, CREATED_AT) values (MANNER_HISTORY_SEQ.NEXTVAL, 7,  1, -1.0,  TO_DATE('2026-05-09 15:00:00','YYYY-MM-DD HH24:MI:SS'));
Insert into MANNER_HISTORY (MANNER_HISTORY_ID, USER_ID, REASON_ID, SCORE, CREATED_AT) values (MANNER_HISTORY_SEQ.NEXTVAL, 17, 2,  0.1,  TO_DATE('2026-05-09 15:48:00','YYYY-MM-DD HH24:MI:SS'));
Insert into MANNER_HISTORY (MANNER_HISTORY_ID, USER_ID, REASON_ID, SCORE, CREATED_AT) values (MANNER_HISTORY_SEQ.NEXTVAL, 17, 2,  0.1,  TO_DATE('2026-05-09 15:48:00','YYYY-MM-DD HH24:MI:SS'));
Insert into MANNER_HISTORY (MANNER_HISTORY_ID, USER_ID, REASON_ID, SCORE, CREATED_AT) values (MANNER_HISTORY_SEQ.NEXTVAL, 13, 2,  0.1,  TO_DATE('2026-05-09 16:01:00','YYYY-MM-DD HH24:MI:SS'));
Insert into MANNER_HISTORY (MANNER_HISTORY_ID, USER_ID, REASON_ID, SCORE, CREATED_AT) values (MANNER_HISTORY_SEQ.NEXTVAL, 13, 2,  0.1,  TO_DATE('2026-05-09 16:01:00','YYYY-MM-DD HH24:MI:SS'));
Insert into MANNER_HISTORY (MANNER_HISTORY_ID, USER_ID, REASON_ID, SCORE, CREATED_AT) values (MANNER_HISTORY_SEQ.NEXTVAL, 19, 2,  0.1,  TO_DATE('2026-05-09 16:11:00','YYYY-MM-DD HH24:MI:SS'));
Insert into MANNER_HISTORY (MANNER_HISTORY_ID, USER_ID, REASON_ID, SCORE, CREATED_AT) values (MANNER_HISTORY_SEQ.NEXTVAL, 19, 2,  0.1,  TO_DATE('2026-05-09 16:11:00','YYYY-MM-DD HH24:MI:SS'));

-- ATT=5: user8 나쁨 평가
Insert into MANNER_HISTORY (MANNER_HISTORY_ID, USER_ID, REASON_ID, SCORE, CREATED_AT) values (MANNER_HISTORY_SEQ.NEXTVAL, 6,  2,  0.1,  TO_DATE('2026-05-17 13:26:00','YYYY-MM-DD HH24:MI:SS'));
Insert into MANNER_HISTORY (MANNER_HISTORY_ID, USER_ID, REASON_ID, SCORE, CREATED_AT) values (MANNER_HISTORY_SEQ.NEXTVAL, 6,  2,  0.1,  TO_DATE('2026-05-17 13:26:00','YYYY-MM-DD HH24:MI:SS'));
Insert into MANNER_HISTORY (MANNER_HISTORY_ID, USER_ID, REASON_ID, SCORE, CREATED_AT) values (MANNER_HISTORY_SEQ.NEXTVAL, 8,  2,  0.1,  TO_DATE('2026-05-17 13:36:00','YYYY-MM-DD HH24:MI:SS'));
Insert into MANNER_HISTORY (MANNER_HISTORY_ID, USER_ID, REASON_ID, SCORE, CREATED_AT) values (MANNER_HISTORY_SEQ.NEXTVAL, 8,  2, -0.1,  TO_DATE('2026-05-17 13:36:00','YYYY-MM-DD HH24:MI:SS')); -- 나쁨

-- ATT=6
Insert into MANNER_HISTORY (MANNER_HISTORY_ID, USER_ID, REASON_ID, SCORE, CREATED_AT) values (MANNER_HISTORY_SEQ.NEXTVAL, 12, 2,  0.1,  TO_DATE('2026-05-16 12:07:00','YYYY-MM-DD HH24:MI:SS'));
Insert into MANNER_HISTORY (MANNER_HISTORY_ID, USER_ID, REASON_ID, SCORE, CREATED_AT) values (MANNER_HISTORY_SEQ.NEXTVAL, 12, 2,  0.1,  TO_DATE('2026-05-16 12:07:00','YYYY-MM-DD HH24:MI:SS'));
Insert into MANNER_HISTORY (MANNER_HISTORY_ID, USER_ID, REASON_ID, SCORE, CREATED_AT) values (MANNER_HISTORY_SEQ.NEXTVAL, 11, 2,  0.1,  TO_DATE('2026-05-16 12:16:00','YYYY-MM-DD HH24:MI:SS'));
Insert into MANNER_HISTORY (MANNER_HISTORY_ID, USER_ID, REASON_ID, SCORE, CREATED_AT) values (MANNER_HISTORY_SEQ.NEXTVAL, 11, 2,  0.1,  TO_DATE('2026-05-16 12:16:00','YYYY-MM-DD HH24:MI:SS'));
Insert into MANNER_HISTORY (MANNER_HISTORY_ID, USER_ID, REASON_ID, SCORE, CREATED_AT) values (MANNER_HISTORY_SEQ.NEXTVAL, 16, 2,  0.1,  TO_DATE('2026-05-16 12:26:00','YYYY-MM-DD HH24:MI:SS'));
Insert into MANNER_HISTORY (MANNER_HISTORY_ID, USER_ID, REASON_ID, SCORE, CREATED_AT) values (MANNER_HISTORY_SEQ.NEXTVAL, 16, 2,  0.1,  TO_DATE('2026-05-16 12:26:00','YYYY-MM-DD HH24:MI:SS'));

-- ATT=7
Insert into MANNER_HISTORY (MANNER_HISTORY_ID, USER_ID, REASON_ID, SCORE, CREATED_AT) values (MANNER_HISTORY_SEQ.NEXTVAL, 6,  2,  0.1,  TO_DATE('2026-05-31 12:25:00','YYYY-MM-DD HH24:MI:SS'));
Insert into MANNER_HISTORY (MANNER_HISTORY_ID, USER_ID, REASON_ID, SCORE, CREATED_AT) values (MANNER_HISTORY_SEQ.NEXTVAL, 6,  2,  0.1,  TO_DATE('2026-05-31 12:25:00','YYYY-MM-DD HH24:MI:SS'));
Insert into MANNER_HISTORY (MANNER_HISTORY_ID, USER_ID, REASON_ID, SCORE, CREATED_AT) values (MANNER_HISTORY_SEQ.NEXTVAL, 15, 2,  0.1,  TO_DATE('2026-05-31 12:36:00','YYYY-MM-DD HH24:MI:SS'));
Insert into MANNER_HISTORY (MANNER_HISTORY_ID, USER_ID, REASON_ID, SCORE, CREATED_AT) values (MANNER_HISTORY_SEQ.NEXTVAL, 15, 2,  0.1,  TO_DATE('2026-05-31 12:36:00','YYYY-MM-DD HH24:MI:SS'));

DELETE
FROM MANNER_HISTORY
WHERE MANNER_HISTORY_ID >=46;

COMMIT;
